,datetime,rtt
0,2019-05-03 19:26:54,65.123
1,2019-05-03 19:26:55,65.339
2,2019-05-03 19:26:59,65.221
3,2019-05-03 19:26:59,65.291
4,2019-05-03 19:26:59,65.400
5,2019-05-03 19:27:00,65.275
6,2019-05-03 19:27:02,65.335
7,2019-05-03 19:27:03,65.304
8,2019-05-03 19:27:04,65.270
9,2019-05-03 19:27:11,65.377
10,2019-05-03 19:27:15,64.930
11,2019-05-03 19:27:15,65.010
12,2019-05-03 19:27:16,65.353
13,2019-05-03 19:27:26,65.526
14,2019-05-03 19:27:34,64.940
15,2019-05-03 19:27:59,65.301
16,2019-05-03 19:28:04,65.017
17,2019-05-03 19:28:08,65.442
18,2019-05-03 19:28:12,65.207
19,2019-05-03 19:28:17,65.357
20,2019-05-03 19:28:20,65.301
21,2019-05-03 19:28:21,64.923
22,2019-05-03 19:28:22,65.252
23,2019-05-03 19:28:25,64.959
24,2019-05-03 19:28:28,65.272
25,2019-05-03 19:28:29,65.148
26,2019-05-03 19:28:37,65.277
27,2019-05-03 19:28:40,65.318
28,2019-05-03 19:28:55,64.922
29,2019-05-03 19:29:02,64.962
30,2019-05-03 19:29:02,65.254
31,2019-05-03 19:29:07,65.276
32,2019-05-03 19:29:13,64.929
33,2019-05-03 19:29:21,65.592
34,2019-05-03 19:29:33,65.327
35,2019-05-03 19:29:37,65.005
36,2019-05-03 19:29:40,64.911
37,2019-05-03 19:29:44,64.952
38,2019-05-03 19:29:57,65.443
39,2019-05-03 19:30:05,65.365
40,2019-05-03 19:30:05,65.230
41,2019-05-03 19:30:05,66.005
42,2019-05-03 19:30:08,65.188
43,2019-05-03 19:30:12,65.267
44,2019-05-03 19:30:18,64.984
45,2019-05-03 19:30:23,64.931
46,2019-05-03 19:30:30,64.991
47,2019-05-03 19:30:36,64.968
48,2019-05-03 19:30:49,64.867
49,2019-05-03 19:30:55,65.316
50,2019-05-03 19:31:05,64.931
51,2019-05-03 19:31:07,64.983
52,2019-05-03 19:31:08,65.337
53,2019-05-03 19:31:17,64.971
54,2019-05-03 19:31:33,65.416
55,2019-05-03 19:31:51,65.325
56,2019-05-03 19:31:52,65.403
57,2019-05-03 19:31:56,64.960
58,2019-05-03 19:31:58,65.312
59,2019-05-03 19:32:00,65.256
60,2019-05-03 19:32:03,65.594
61,2019-05-03 19:32:05,65.296
62,2019-05-03 19:32:07,65.276
63,2019-05-03 19:32:10,65.368
64,2019-05-03 19:32:11,65.327
65,2019-05-03 19:32:15,65.366
66,2019-05-03 19:32:19,65.300
67,2019-05-03 19:32:29,64.893
68,2019-05-03 19:32:30,65.300
69,2019-05-03 19:35:17,65.339
70,2019-05-03 19:35:19,65.336
71,2019-05-03 19:35:20,64.927
72,2019-05-03 19:35:26,64.966
73,2019-05-03 19:35:37,64.970
74,2019-05-03 19:35:39,65.077
75,2019-05-03 19:35:56,65.489
76,2019-05-03 19:36:10,65.032
77,2019-05-03 19:36:11,65.370
78,2019-05-03 19:36:15,64.975
79,2019-05-03 19:36:18,65.541
80,2019-05-03 19:36:42,65.340
81,2019-05-03 19:36:52,65.037
82,2019-05-03 19:36:56,65.356
83,2019-05-03 19:37:00,65.331
84,2019-05-03 19:37:03,65.020
85,2019-05-03 19:37:11,65.270
86,2019-05-03 19:37:15,65.342
87,2019-05-03 19:37:16,64.997
88,2019-05-03 19:37:17,65.361
89,2019-05-03 19:37:18,65.273
90,2019-05-03 19:37:26,65.411
91,2019-05-03 19:37:27,64.946
92,2019-05-03 19:37:28,65.034
93,2019-05-03 19:37:35,65.805
94,2019-05-03 19:37:39,65.244
95,2019-05-03 19:37:41,65.364
96,2019-05-03 19:37:45,65.418
97,2019-05-03 19:38:07,65.529
98,2019-05-03 19:38:11,65.258
99,2019-05-03 19:38:14,65.069
100,2019-05-03 19:38:16,64.913
101,2019-05-03 19:38:20,65.249
102,2019-05-03 19:38:22,65.005
103,2019-05-03 19:38:27,65.148
104,2019-05-03 19:38:29,64.978
105,2019-05-03 19:38:35,65.337
106,2019-05-03 19:38:45,65.299
107,2019-05-03 19:38:50,64.993
108,2019-05-03 19:38:53,65.318
109,2019-05-03 19:38:57,65.306
110,2019-05-03 19:39:02,64.914
111,2019-05-03 19:39:06,65.350
112,2019-05-03 19:39:17,65.045
113,2019-05-03 19:39:22,65.346
114,2019-05-03 19:39:33,65.366
115,2019-05-03 19:39:39,65.315
116,2019-05-03 19:39:42,65.068
117,2019-05-03 19:39:59,65.355
118,2019-05-03 19:40:00,65.589
119,2019-05-03 19:40:01,64.951
120,2019-05-03 19:40:01,65.357
121,2019-05-03 19:40:03,65.263
122,2019-05-03 19:40:05,65.296
123,2019-05-03 19:40:06,65.379
124,2019-05-03 19:40:06,65.311
125,2019-05-03 19:40:07,65.378
126,2019-05-03 19:40:07,65.093
127,2019-05-03 19:40:11,65.330
128,2019-05-03 19:40:12,64.975
129,2019-05-03 19:40:14,65.328
130,2019-05-03 19:40:19,65.354
131,2019-05-03 19:40:25,65.029
132,2019-05-03 19:40:28,65.611
133,2019-05-03 19:40:41,65.329
134,2019-05-03 19:40:42,65.319
135,2019-05-03 19:40:42,65.343
136,2019-05-03 19:40:47,65.341
137,2019-05-03 19:40:55,64.924
138,2019-05-03 19:40:55,64.974
139,2019-05-03 19:41:00,64.958
140,2019-05-03 19:41:01,65.306
141,2019-05-03 19:41:03,65.363
142,2019-05-03 19:41:03,65.311
143,2019-05-03 19:43:15,64.912
144,2019-05-03 19:43:18,64.963
145,2019-05-03 19:43:22,65.003
146,2019-05-03 19:43:37,65.242
147,2019-05-03 19:44:08,65.554
148,2019-05-03 19:44:16,65.294
149,2019-05-03 19:44:17,64.958
150,2019-05-03 19:44:21,64.958
151,2019-05-03 19:44:21,64.932
152,2019-05-03 19:44:22,65.335
153,2019-05-03 19:44:47,64.884
154,2019-05-03 19:44:58,65.284
155,2019-05-03 19:45:01,64.967
156,2019-05-03 19:45:11,65.280
157,2019-05-03 19:45:11,65.320
158,2019-05-03 19:45:13,64.927
159,2019-05-03 19:45:13,65.299
160,2019-05-03 19:45:17,64.879
161,2019-05-03 19:45:17,65.269
162,2019-05-03 19:45:26,65.313
163,2019-05-03 19:45:27,64.883
164,2019-05-03 19:45:28,65.039
165,2019-05-03 19:45:29,65.285
166,2019-05-03 19:45:29,65.318
167,2019-05-03 19:45:31,65.337
168,2019-05-03 19:45:32,65.345
169,2019-05-03 19:45:38,64.942
170,2019-05-03 19:45:47,64.922
171,2019-05-03 19:45:49,64.911
172,2019-05-03 19:45:54,65.305
173,2019-05-03 19:45:55,65.251
174,2019-05-03 19:45:59,65.307
175,2019-05-03 19:46:00,65.001
176,2019-05-03 19:46:15,64.969
177,2019-05-03 19:46:16,65.279
178,2019-05-03 19:46:22,64.914
179,2019-05-03 19:46:41,64.921
180,2019-05-03 19:46:44,65.404
181,2019-05-03 19:46:46,64.923
182,2019-05-03 19:46:59,64.973
183,2019-05-03 19:47:03,65.283
184,2019-05-03 19:47:32,64.923
185,2019-05-03 19:47:32,65.080
186,2019-05-03 19:47:43,64.961
187,2019-05-03 19:47:46,64.954
188,2019-05-03 19:47:47,65.025
189,2019-05-03 19:47:56,64.945
190,2019-05-03 19:48:05,65.494
191,2019-05-03 19:48:09,64.953
192,2019-05-03 19:48:11,65.287
193,2019-05-03 19:48:22,64.953
194,2019-05-03 19:48:23,64.944
195,2019-05-03 19:48:43,64.993
196,2019-05-03 19:48:46,65.300
197,2019-05-03 19:48:48,65.306
198,2019-05-03 19:48:59,64.881
199,2019-05-03 19:48:59,65.186
200,2019-05-03 19:48:59,65.288
201,2019-05-03 19:51:36,65.246
202,2019-05-03 19:51:39,65.396
203,2019-05-03 19:51:41,65.270
204,2019-05-03 19:51:45,64.957
205,2019-05-03 19:51:47,64.924
206,2019-05-03 19:51:55,65.331
207,2019-05-03 19:51:56,65.307
208,2019-05-03 19:51:56,65.057
209,2019-05-03 19:52:05,64.937
210,2019-05-03 19:52:05,65.117
211,2019-05-03 19:52:09,65.275
212,2019-05-03 19:52:14,64.945
213,2019-05-03 19:52:32,64.939
214,2019-05-03 19:52:40,65.265
215,2019-05-03 19:52:42,65.499
216,2019-05-03 19:52:53,64.965
217,2019-05-03 19:53:00,65.343
218,2019-05-03 19:53:02,64.963
219,2019-05-03 19:53:09,65.006
220,2019-05-03 19:53:12,64.987
221,2019-05-03 19:53:29,64.949
222,2019-05-03 19:53:30,65.180
223,2019-05-03 19:53:31,65.326
224,2019-05-03 19:53:32,65.021
225,2019-05-03 19:53:35,65.271
226,2019-05-03 19:53:38,65.354
227,2019-05-03 19:53:45,64.978
228,2019-05-03 19:53:46,64.933
229,2019-05-03 19:53:46,65.028
230,2019-05-03 19:53:50,65.002
231,2019-05-03 19:53:50,64.932
232,2019-05-03 19:53:53,65.326
233,2019-05-03 19:54:02,65.301
234,2019-05-03 19:54:03,64.975
235,2019-05-03 19:54:07,65.480
236,2019-05-03 19:54:10,64.975
237,2019-05-03 19:54:21,65.417
238,2019-05-03 19:54:22,64.966
239,2019-05-03 19:54:31,65.263
240,2019-05-03 19:54:35,64.963
241,2019-05-03 19:54:39,65.587
242,2019-05-03 19:54:43,64.956
243,2019-05-03 19:54:50,65.662
244,2019-05-03 19:55:04,65.120
245,2019-05-03 19:55:06,65.540
246,2019-05-03 19:55:07,64.948
247,2019-05-03 19:55:09,65.634
248,2019-05-03 19:55:09,65.389
249,2019-05-03 19:55:09,66.898
250,2019-05-03 19:55:13,65.443
251,2019-05-03 19:55:13,65.365
252,2019-05-03 19:55:19,65.352
253,2019-05-03 19:55:23,65.185
254,2019-05-03 19:55:34,64.949
255,2019-05-03 19:55:35,65.271
256,2019-05-03 19:55:45,64.923
257,2019-05-03 19:55:51,65.271
258,2019-05-03 19:55:53,65.293
259,2019-05-03 19:55:56,64.912
260,2019-05-03 19:56:00,65.247
261,2019-05-03 19:56:02,64.951
262,2019-05-03 19:56:06,65.642
263,2019-05-03 19:56:09,65.296
264,2019-05-03 19:56:14,64.971
265,2019-05-03 19:56:16,65.025
266,2019-05-03 19:56:23,64.987
267,2019-05-03 19:56:24,64.958
268,2019-05-03 19:56:26,64.978
269,2019-05-03 19:56:36,65.325
270,2019-05-03 19:56:43,65.310
271,2019-05-03 19:56:56,65.330
272,2019-05-03 19:57:11,65.273
273,2019-05-03 19:57:16,64.983
274,2019-05-03 19:57:18,65.227
275,2019-05-03 19:57:19,65.300
276,2019-05-03 19:59:37,65.275
277,2019-05-03 19:59:48,65.242
278,2019-05-03 19:59:51,65.242
279,2019-05-03 19:59:54,65.337
280,2019-05-03 20:00:00,65.355
281,2019-05-03 20:00:09,65.313
282,2019-05-03 20:00:11,65.823
283,2019-05-03 20:00:15,65.637
284,2019-05-03 20:00:21,65.132
285,2019-05-03 20:00:24,65.296
286,2019-05-03 20:00:25,65.283
287,2019-05-03 20:00:58,65.274
288,2019-05-03 20:01:00,65.304
289,2019-05-03 20:01:04,65.623
290,2019-05-03 20:01:05,64.972
291,2019-05-03 20:01:07,64.969
292,2019-05-03 20:01:12,64.994
293,2019-05-03 20:01:21,65.340
294,2019-05-03 20:01:23,65.337
295,2019-05-03 20:01:26,65.308
296,2019-05-03 20:01:33,65.366
297,2019-05-03 20:01:39,65.327
298,2019-05-03 20:01:51,65.294
299,2019-05-03 20:01:57,64.975
300,2019-05-03 20:02:05,64.949
301,2019-05-03 20:02:19,64.943
302,2019-05-03 20:02:24,64.970
303,2019-05-03 20:02:26,65.341
304,2019-05-03 20:03:01,64.995
305,2019-05-03 20:03:01,65.067
306,2019-05-03 20:03:03,64.923
307,2019-05-03 20:03:12,65.272
308,2019-05-03 20:03:22,65.229
309,2019-05-03 20:03:24,65.013
310,2019-05-03 20:03:26,64.994
311,2019-05-03 20:03:38,65.554
312,2019-05-03 20:03:38,65.599
313,2019-05-03 20:03:53,65.382
314,2019-05-03 20:03:57,64.930
315,2019-05-03 20:04:03,65.003
316,2019-05-03 20:04:04,64.965
317,2019-05-03 20:04:13,64.919
318,2019-05-03 20:04:23,65.716
319,2019-05-03 20:04:31,65.349
320,2019-05-03 20:04:33,65.344
321,2019-05-03 20:04:41,65.107
322,2019-05-03 20:04:51,64.946
323,2019-05-03 20:04:52,64.915
324,2019-05-03 20:04:54,64.900
325,2019-05-03 20:04:59,65.580
326,2019-05-03 20:05:05,65.343
327,2019-05-03 20:05:15,65.026
328,2019-05-03 20:05:15,65.335
329,2019-05-03 20:07:19,65.332
330,2019-05-03 20:07:19,65.203
331,2019-05-03 20:07:21,65.133
332,2019-05-03 20:07:26,65.040
333,2019-05-03 20:07:26,65.121
334,2019-05-03 20:07:28,64.944
335,2019-05-03 20:07:29,65.324
336,2019-05-03 20:07:31,64.962
337,2019-05-03 20:07:31,65.267
338,2019-05-03 20:07:39,65.296
339,2019-05-03 20:07:40,64.993
340,2019-05-03 20:07:52,65.294
341,2019-05-03 20:08:07,65.289
342,2019-05-03 20:08:13,65.285
343,2019-05-03 20:08:18,65.356
344,2019-05-03 20:08:23,65.341
345,2019-05-03 20:08:36,65.156
346,2019-05-03 20:08:41,65.002
347,2019-05-03 20:08:51,65.295
348,2019-05-03 20:08:52,64.970
349,2019-05-03 20:09:00,65.286
350,2019-05-03 20:09:09,65.013
351,2019-05-03 20:09:11,64.958
352,2019-05-03 20:09:14,65.322
353,2019-05-03 20:09:14,65.364
354,2019-05-03 20:09:19,65.308
355,2019-05-03 20:09:24,64.974
356,2019-05-03 20:09:24,64.985
357,2019-05-03 20:09:31,64.961
358,2019-05-03 20:09:34,65.292
359,2019-05-03 20:09:35,65.257
360,2019-05-03 20:09:37,64.942
361,2019-05-03 20:09:39,64.915
362,2019-05-03 20:09:42,65.145
363,2019-05-03 20:09:43,64.989
364,2019-05-03 20:09:43,65.356
365,2019-05-03 20:09:44,65.295
366,2019-05-03 20:09:46,65.339
367,2019-05-03 20:10:02,65.279
368,2019-05-03 20:10:04,65.703
369,2019-05-03 20:10:06,65.296
370,2019-05-03 20:10:14,65.508
371,2019-05-03 20:10:17,64.942
372,2019-05-03 20:10:18,65.706
373,2019-05-03 20:10:24,65.369
374,2019-05-03 20:10:49,65.348
375,2019-05-03 20:10:50,65.606
376,2019-05-03 20:10:54,65.393
377,2019-05-03 20:11:02,65.337
378,2019-05-03 20:11:12,65.230
379,2019-05-03 20:11:16,65.298
380,2019-05-03 20:11:19,65.413
381,2019-05-03 20:11:22,65.301
382,2019-05-03 20:11:31,65.269
383,2019-05-03 20:11:32,65.260
384,2019-05-03 20:11:44,64.904
385,2019-05-03 20:11:48,65.402
386,2019-05-03 20:11:59,65.319
387,2019-05-03 20:12:00,64.889
388,2019-05-03 20:12:00,65.471
389,2019-05-03 20:12:09,65.293
390,2019-05-03 20:12:09,65.636
391,2019-05-03 20:12:17,64.955
392,2019-05-03 20:12:24,65.302
393,2019-05-03 20:12:42,65.300
394,2019-05-03 20:12:48,64.944
395,2019-05-03 20:12:50,65.252
396,2019-05-03 20:15:01,64.943
397,2019-05-03 20:15:02,65.694
398,2019-05-03 20:15:04,64.978
399,2019-05-03 20:15:07,64.991
400,2019-05-03 20:15:10,65.302
401,2019-05-03 20:15:11,64.968
402,2019-05-03 20:15:11,64.985
403,2019-05-03 20:15:11,65.332
404,2019-05-03 20:15:22,65.307
405,2019-05-03 20:15:24,64.917
406,2019-05-03 20:15:35,65.314
407,2019-05-03 20:15:37,65.339
408,2019-05-03 20:15:39,65.330
409,2019-05-03 20:15:47,65.243
410,2019-05-03 20:15:58,65.325
411,2019-05-03 20:16:03,65.292
412,2019-05-03 20:16:04,65.332
413,2019-05-03 20:16:14,65.280
414,2019-05-03 20:16:15,65.367
415,2019-05-03 20:16:18,65.124
416,2019-05-03 20:16:21,65.382
417,2019-05-03 20:16:29,65.387
418,2019-05-03 20:16:39,65.317
419,2019-05-03 20:16:47,65.346
420,2019-05-03 20:16:50,65.269
421,2019-05-03 20:16:55,65.327
422,2019-05-03 20:16:57,65.267
423,2019-05-03 20:17:05,64.925
424,2019-05-03 20:17:10,65.200
425,2019-05-03 20:17:12,65.247
426,2019-05-03 20:17:12,64.939
427,2019-05-03 20:17:13,65.142
428,2019-05-03 20:17:31,65.479
429,2019-05-03 20:17:32,65.268
430,2019-05-03 20:17:38,64.961
431,2019-05-03 20:17:46,65.289
432,2019-05-03 20:17:46,64.964
433,2019-05-03 20:17:46,65.324
434,2019-05-03 20:18:01,65.674
435,2019-05-03 20:18:17,65.885
436,2019-05-03 20:18:21,65.529
437,2019-05-03 20:18:33,64.887
438,2019-05-03 20:18:38,64.935
439,2019-05-03 20:18:39,65.452
440,2019-05-03 20:18:41,64.919
441,2019-05-03 20:18:42,64.961
442,2019-05-03 20:18:46,65.577
443,2019-05-03 20:18:53,64.915
444,2019-05-03 20:18:56,65.898
445,2019-05-03 20:19:06,65.317
446,2019-05-03 20:19:20,64.919
447,2019-05-03 20:19:22,64.970
448,2019-05-03 20:19:27,65.247
449,2019-05-03 20:19:27,65.321
450,2019-05-03 20:19:28,65.437
451,2019-05-03 20:19:32,65.432
452,2019-05-03 20:19:34,65.281
453,2019-05-03 20:19:41,64.988
454,2019-05-03 20:19:41,64.981
455,2019-05-03 20:19:45,64.909
456,2019-05-03 20:20:00,64.993
457,2019-05-03 20:20:10,65.016
458,2019-05-03 20:20:12,65.570
459,2019-05-03 20:20:14,64.918
460,2019-05-03 20:20:18,64.875
461,2019-05-03 20:20:22,64.929
462,2019-05-03 20:20:22,64.995
463,2019-05-03 20:20:27,65.364
464,2019-05-03 20:20:43,64.967
465,2019-05-03 20:20:44,65.278
466,2019-05-03 20:20:45,64.942
467,2019-05-03 20:23:38,65.414
468,2019-05-03 20:23:41,64.972
469,2019-05-03 20:23:42,64.964
470,2019-05-03 20:23:47,65.405
471,2019-05-03 20:23:48,64.925
472,2019-05-03 20:23:49,65.296
473,2019-05-03 20:23:53,65.366
474,2019-05-03 20:23:57,65.450
475,2019-05-03 20:24:02,65.271
476,2019-05-03 20:24:03,65.296
477,2019-05-03 20:24:05,64.965
478,2019-05-03 20:24:10,65.080
479,2019-05-03 20:24:13,65.030
480,2019-05-03 20:24:16,64.952
481,2019-05-03 20:24:19,65.292
482,2019-05-03 20:24:23,65.194
483,2019-05-03 20:24:25,65.404
484,2019-05-03 20:24:28,65.165
485,2019-05-03 20:24:29,64.997
486,2019-05-03 20:24:40,65.287
487,2019-05-03 20:24:44,65.387
488,2019-05-03 20:24:46,65.294
489,2019-05-03 20:25:02,65.036
490,2019-05-03 20:25:06,65.317
491,2019-05-03 20:25:07,64.946
492,2019-05-03 20:25:08,64.953
493,2019-05-03 20:25:08,65.355
494,2019-05-03 20:25:10,65.531
495,2019-05-03 20:25:14,65.121
496,2019-05-03 20:25:30,65.312
497,2019-05-03 20:25:31,65.043
498,2019-05-03 20:25:32,64.926
499,2019-05-03 20:25:37,65.309
500,2019-05-03 20:25:38,65.230
501,2019-05-03 20:25:43,64.985
502,2019-05-03 20:25:46,65.274
503,2019-05-03 20:26:00,65.338
504,2019-05-03 20:26:05,65.353
505,2019-05-03 20:26:07,65.303
506,2019-05-03 20:26:12,64.986
507,2019-05-03 20:26:24,64.934
508,2019-05-03 20:26:29,64.997
509,2019-05-03 20:26:43,64.988
510,2019-05-03 20:26:51,65.019
511,2019-05-03 20:26:55,64.870
512,2019-05-03 20:27:00,65.223
513,2019-05-03 20:27:08,65.304
514,2019-05-03 20:27:10,65.059
515,2019-05-03 20:27:19,65.298
516,2019-05-03 20:27:31,65.280
517,2019-05-03 20:27:31,64.951
518,2019-05-03 20:27:42,65.279
519,2019-05-03 20:27:43,65.358
520,2019-05-03 20:27:59,65.388
521,2019-05-03 20:28:00,65.279
522,2019-05-03 20:28:03,64.930
523,2019-05-03 20:28:12,64.964
524,2019-05-03 20:28:17,65.289
525,2019-05-03 20:28:18,65.329
526,2019-05-03 20:28:19,65.302
527,2019-05-03 20:28:22,64.940
528,2019-05-03 20:28:26,65.266
529,2019-05-03 20:28:31,65.295
530,2019-05-03 20:28:36,65.310
531,2019-05-03 20:28:43,66.502
532,2019-05-03 20:28:58,65.362
533,2019-05-03 20:29:09,65.046
534,2019-05-03 20:29:10,64.954
535,2019-05-03 20:29:16,64.965
536,2019-05-03 20:31:36,65.304
537,2019-05-03 20:31:39,64.966
538,2019-05-03 20:31:39,65.205
539,2019-05-03 20:31:41,65.339
540,2019-05-03 20:31:43,65.091
541,2019-05-03 20:31:47,64.968
542,2019-05-03 20:31:51,65.376
543,2019-05-03 20:32:10,65.273
544,2019-05-03 20:32:11,65.317
545,2019-05-03 20:32:16,65.297
546,2019-05-03 20:32:33,65.442
547,2019-05-03 20:32:38,64.956
548,2019-05-03 20:32:46,65.001
549,2019-05-03 20:32:48,64.943
550,2019-05-03 20:32:55,65.280
551,2019-05-03 20:32:57,65.325
552,2019-05-03 20:33:12,65.425
553,2019-05-03 20:33:17,64.954
554,2019-05-03 20:33:20,65.656
555,2019-05-03 20:33:29,64.986
556,2019-05-03 20:33:32,65.317
557,2019-05-03 20:33:50,65.284
558,2019-05-03 20:33:50,65.289
559,2019-05-03 20:34:05,65.086
560,2019-05-03 20:34:12,65.032
561,2019-05-03 20:34:18,65.297
562,2019-05-03 20:34:23,65.266
563,2019-05-03 20:34:23,65.294
564,2019-05-03 20:34:25,64.963
565,2019-05-03 20:34:45,65.458
566,2019-05-03 20:34:52,65.210
567,2019-05-03 20:35:00,65.355
568,2019-05-03 20:35:20,65.667
569,2019-05-03 20:35:21,65.342
570,2019-05-03 20:35:23,65.330
571,2019-05-03 20:35:24,64.944
572,2019-05-03 20:35:32,64.983
573,2019-05-03 20:35:34,65.331
574,2019-05-03 20:35:35,65.559
575,2019-05-03 20:35:38,65.025
576,2019-05-03 20:35:52,65.301
577,2019-05-03 20:35:54,64.931
578,2019-05-03 20:35:54,65.329
579,2019-05-03 20:35:55,64.962
580,2019-05-03 20:35:57,65.326
581,2019-05-03 20:36:08,64.954
582,2019-05-03 20:36:08,65.316
583,2019-05-03 20:36:15,65.305
584,2019-05-03 20:36:19,65.326
585,2019-05-03 20:36:24,65.316
586,2019-05-03 20:36:27,65.393
587,2019-05-03 20:36:27,65.006
588,2019-05-03 20:36:33,65.325
589,2019-05-03 20:36:33,65.254
590,2019-05-03 20:36:35,64.946
591,2019-05-03 20:36:36,64.935
592,2019-05-03 20:36:37,65.333
593,2019-05-03 20:36:39,64.960
594,2019-05-03 20:36:41,65.288
595,2019-05-03 20:36:41,65.364
596,2019-05-03 20:36:47,65.189
597,2019-05-03 20:37:18,65.271
598,2019-05-03 20:37:20,65.357
599,2019-05-03 20:37:23,64.953
600,2019-05-03 20:37:24,65.217
601,2019-05-03 20:39:18,64.998
602,2019-05-03 20:39:22,65.286
603,2019-05-03 20:39:23,65.013
604,2019-05-03 20:39:24,65.044
605,2019-05-03 20:39:26,64.996
606,2019-05-03 20:39:26,65.418
607,2019-05-03 20:39:28,65.302
608,2019-05-03 20:39:30,65.239
609,2019-05-03 20:39:31,64.936
610,2019-05-03 20:39:37,65.334
611,2019-05-03 20:39:41,65.045
612,2019-05-03 20:39:42,65.256
613,2019-05-03 20:39:44,65.347
614,2019-05-03 20:39:44,65.395
615,2019-05-03 20:39:46,65.008
616,2019-05-03 20:39:49,65.284
617,2019-05-03 20:39:59,65.292
618,2019-05-03 20:40:03,65.359
619,2019-05-03 20:40:08,65.055
620,2019-05-03 20:40:19,65.312
621,2019-05-03 20:40:23,65.262
622,2019-05-03 20:40:24,64.957
623,2019-05-03 20:40:24,65.531
624,2019-05-03 20:40:37,65.607
625,2019-05-03 20:40:38,65.298
626,2019-05-03 20:40:42,65.275
627,2019-05-03 20:40:58,65.216
628,2019-05-03 20:40:59,64.983
629,2019-05-03 20:41:00,65.247
630,2019-05-03 20:41:00,65.392
631,2019-05-03 20:41:07,65.294
632,2019-05-03 20:41:15,64.929
633,2019-05-03 20:41:39,65.009
634,2019-05-03 20:41:46,65.324
635,2019-05-03 20:41:57,65.307
636,2019-05-03 20:42:08,64.848
637,2019-05-03 20:42:11,64.915
638,2019-05-03 20:42:12,65.396
639,2019-05-03 20:42:13,65.378
640,2019-05-03 20:42:15,64.928
641,2019-05-03 20:42:31,65.336
642,2019-05-03 20:42:37,65.295
643,2019-05-03 20:42:39,64.937
644,2019-05-03 20:42:47,65.349
645,2019-05-03 20:42:49,64.935
646,2019-05-03 20:42:50,65.083
647,2019-05-03 20:42:57,65.318
648,2019-05-03 20:43:10,65.295
649,2019-05-03 20:43:14,64.988
650,2019-05-03 20:43:24,65.392
651,2019-05-03 20:43:32,65.297
652,2019-05-03 20:43:32,65.293
653,2019-05-03 20:43:34,65.640
654,2019-05-03 20:43:36,65.537
655,2019-05-03 20:43:39,64.978
656,2019-05-03 20:43:42,65.278
657,2019-05-03 20:43:51,65.300
658,2019-05-03 20:43:59,65.001
659,2019-05-03 20:44:02,65.290
660,2019-05-03 20:44:11,64.956
661,2019-05-03 20:44:17,65.014
662,2019-05-03 20:44:22,64.985
663,2019-05-03 20:44:23,65.287
664,2019-05-03 20:44:24,65.354
665,2019-05-03 20:44:25,65.230
666,2019-05-03 20:44:28,64.973
667,2019-05-03 20:44:30,64.835
668,2019-05-03 20:44:32,65.214
669,2019-05-03 20:44:35,65.258
670,2019-05-03 20:44:37,65.186
671,2019-05-03 20:45:00,65.142
672,2019-05-03 20:47:11,64.911
673,2019-05-03 20:47:20,65.435
674,2019-05-03 20:47:25,65.338
675,2019-05-03 20:47:26,65.972
676,2019-05-03 20:47:27,64.952
677,2019-05-03 20:47:42,65.293
678,2019-05-03 20:47:43,65.631
679,2019-05-03 20:47:51,64.981
680,2019-05-03 20:47:54,65.326
681,2019-05-03 20:47:57,65.315
682,2019-05-03 20:48:03,64.950
683,2019-05-03 20:48:05,65.341
684,2019-05-03 20:48:05,65.376
685,2019-05-03 20:48:06,65.215
686,2019-05-03 20:48:06,65.314
687,2019-05-03 20:48:16,65.357
688,2019-05-03 20:48:16,64.977
689,2019-05-03 20:48:17,65.397
690,2019-05-03 20:48:25,65.287
691,2019-05-03 20:48:25,65.305
692,2019-05-03 20:48:27,64.921
693,2019-05-03 20:48:35,65.323
694,2019-05-03 20:48:37,64.921
695,2019-05-03 20:48:46,64.996
696,2019-05-03 20:48:52,65.019
697,2019-05-03 20:48:55,65.156
698,2019-05-03 20:49:07,65.217
699,2019-05-03 20:49:12,65.294
700,2019-05-03 20:49:17,65.152
701,2019-05-03 20:49:20,65.288
702,2019-05-03 20:49:22,64.926
703,2019-05-03 20:49:26,64.934
704,2019-05-03 20:49:31,65.182
705,2019-05-03 20:49:44,65.112
706,2019-05-03 20:49:48,65.272
707,2019-05-03 20:49:50,65.094
708,2019-05-03 20:49:54,64.943
709,2019-05-03 20:49:55,65.336
710,2019-05-03 20:49:55,64.903
711,2019-05-03 20:50:10,65.304
712,2019-05-03 20:50:11,65.216
713,2019-05-03 20:50:12,64.979
714,2019-05-03 20:50:16,64.976
715,2019-05-03 20:50:21,65.306
716,2019-05-03 20:50:32,65.332
717,2019-05-03 20:50:39,65.425
718,2019-05-03 20:50:41,65.691
719,2019-05-03 20:50:56,65.307
720,2019-05-03 20:50:59,65.576
721,2019-05-03 20:51:10,65.363
722,2019-05-03 20:51:12,65.342
723,2019-05-03 20:51:13,65.290
724,2019-05-03 20:51:26,65.315
725,2019-05-03 20:51:27,65.439
726,2019-05-03 20:51:28,65.330
727,2019-05-03 20:51:32,65.070
728,2019-05-03 20:51:35,65.264
729,2019-05-03 20:51:39,64.921
730,2019-05-03 20:51:39,65.348
731,2019-05-03 20:51:40,65.753
732,2019-05-03 20:51:41,65.337
733,2019-05-03 20:51:47,65.340
734,2019-05-03 20:51:50,65.279
735,2019-05-03 20:52:05,65.311
736,2019-05-03 20:52:10,65.362
737,2019-05-03 20:52:16,64.961
738,2019-05-03 20:52:21,65.350
739,2019-05-03 20:52:34,65.309
740,2019-05-03 20:52:38,64.975
741,2019-05-03 20:52:43,65.073
742,2019-05-03 20:52:43,65.226
743,2019-05-03 20:55:05,65.472
744,2019-05-03 20:55:05,65.382
745,2019-05-03 20:55:07,65.239
746,2019-05-03 20:55:14,65.273
747,2019-05-03 20:55:18,65.021
748,2019-05-03 20:55:18,65.510
749,2019-05-03 20:55:19,65.314
750,2019-05-03 20:55:26,64.981
751,2019-05-03 20:55:27,65.358
752,2019-05-03 20:55:27,64.995
753,2019-05-03 20:55:32,65.102
754,2019-05-03 20:55:33,64.983
755,2019-05-03 20:55:37,65.112
756,2019-05-03 20:55:39,65.344
757,2019-05-03 20:55:40,65.455
758,2019-05-03 20:55:43,65.267
759,2019-05-03 20:55:53,65.273
760,2019-05-03 20:56:11,65.340
761,2019-05-03 20:56:13,65.279
762,2019-05-03 20:56:29,65.296
763,2019-05-03 20:56:38,65.634
764,2019-05-03 20:56:45,65.126
765,2019-05-03 20:56:48,65.158
766,2019-05-03 20:56:52,64.862
767,2019-05-03 20:57:00,64.917
768,2019-05-03 20:57:00,65.369
769,2019-05-03 20:57:11,65.463
770,2019-05-03 20:57:20,65.593
771,2019-05-03 20:57:28,64.896
772,2019-05-03 20:57:31,65.061
773,2019-05-03 20:57:40,65.374
774,2019-05-03 20:57:44,65.643
775,2019-05-03 20:57:47,64.947
776,2019-05-03 20:58:14,65.717
777,2019-05-03 20:58:27,65.254
778,2019-05-03 20:58:30,64.853
779,2019-05-03 20:58:33,65.306
780,2019-05-03 20:58:42,65.307
781,2019-05-03 20:58:45,64.948
782,2019-05-03 20:58:59,64.982
783,2019-05-03 20:59:01,64.939
784,2019-05-03 20:59:07,65.384
785,2019-05-03 20:59:08,65.281
786,2019-05-03 20:59:09,65.316
787,2019-05-03 20:59:10,65.208
788,2019-05-03 20:59:11,65.693
789,2019-05-03 20:59:20,64.978
790,2019-05-03 20:59:21,64.964
791,2019-05-03 20:59:21,65.302
792,2019-05-03 20:59:29,65.380
793,2019-05-03 20:59:30,65.349
794,2019-05-03 20:59:39,64.929
795,2019-05-03 20:59:39,64.920
796,2019-05-03 20:59:49,65.311
797,2019-05-03 20:59:52,65.314
798,2019-05-03 20:59:58,65.308
799,2019-05-03 20:59:58,64.992
800,2019-05-03 20:59:59,64.951
801,2019-05-03 21:00:06,65.096
802,2019-05-03 21:00:06,65.591
803,2019-05-03 21:00:07,65.225
804,2019-05-03 21:00:08,65.257
805,2019-05-03 21:00:24,65.128
806,2019-05-03 21:00:29,64.896
807,2019-05-03 21:00:32,65.415
808,2019-05-03 21:00:37,65.449
809,2019-05-03 21:00:43,65.272
810,2019-05-03 21:00:45,64.935
811,2019-05-03 21:03:18,64.974
812,2019-05-03 21:03:19,64.984
813,2019-05-03 21:03:20,64.965
814,2019-05-03 21:03:30,65.339
815,2019-05-03 21:03:31,65.259
816,2019-05-03 21:03:37,65.279
817,2019-05-03 21:03:42,65.227
818,2019-05-03 21:03:49,64.953
819,2019-05-03 21:03:49,64.931
820,2019-05-03 21:03:52,65.326
821,2019-05-03 21:03:54,65.462
822,2019-05-03 21:03:58,65.286
823,2019-05-03 21:04:02,65.318
824,2019-05-03 21:04:17,64.948
825,2019-05-03 21:04:24,65.235
826,2019-05-03 21:04:29,65.364
827,2019-05-03 21:04:33,64.950
828,2019-05-03 21:04:44,65.392
829,2019-05-03 21:04:57,65.365
830,2019-05-03 21:05:07,64.935
831,2019-05-03 21:05:11,64.991
832,2019-05-03 21:05:14,64.925
833,2019-05-03 21:05:20,65.400
834,2019-05-03 21:05:20,65.407
835,2019-05-03 21:05:27,65.558
836,2019-05-03 21:05:28,65.308
837,2019-05-03 21:05:36,65.298
838,2019-05-03 21:05:44,64.916
839,2019-05-03 21:05:48,64.997
840,2019-05-03 21:05:48,65.328
841,2019-05-03 21:05:49,65.111
842,2019-05-03 21:05:50,64.961
843,2019-05-03 21:05:51,64.968
844,2019-05-03 21:06:11,64.928
845,2019-05-03 21:06:12,65.238
846,2019-05-03 21:06:30,65.271
847,2019-05-03 21:06:33,65.237
848,2019-05-03 21:06:42,64.955
849,2019-05-03 21:06:44,65.350
850,2019-05-03 21:06:49,65.270
851,2019-05-03 21:06:53,65.063
852,2019-05-03 21:06:56,65.276
853,2019-05-03 21:06:57,64.941
854,2019-05-03 21:07:06,65.625
855,2019-05-03 21:07:08,65.456
856,2019-05-03 21:07:10,65.091
857,2019-05-03 21:07:13,64.968
858,2019-05-03 21:07:17,65.668
859,2019-05-03 21:07:38,65.374
860,2019-05-03 21:07:45,65.328
861,2019-05-03 21:07:52,65.603
862,2019-05-03 21:07:57,65.381
863,2019-05-03 21:08:04,64.999
864,2019-05-03 21:08:05,65.350
865,2019-05-03 21:08:15,65.256
866,2019-05-03 21:08:22,65.437
867,2019-05-03 21:08:25,65.358
868,2019-05-03 21:08:26,65.305
869,2019-05-03 21:08:26,64.959
870,2019-05-03 21:08:37,64.996
871,2019-05-03 21:08:41,64.970
872,2019-05-03 21:08:42,65.304
873,2019-05-03 21:08:54,64.959
874,2019-05-03 21:08:55,65.006
875,2019-05-03 21:09:01,65.157
876,2019-05-03 21:11:13,64.939
877,2019-05-03 21:11:15,65.345
878,2019-05-03 21:11:18,65.189
879,2019-05-03 21:11:19,64.942
880,2019-05-03 21:11:21,65.015
881,2019-05-03 21:11:27,64.918
882,2019-05-03 21:11:28,65.301
883,2019-05-03 21:11:29,64.926
884,2019-05-03 21:11:32,64.968
885,2019-05-03 21:11:34,65.267
886,2019-05-03 21:11:35,65.012
887,2019-05-03 21:11:41,65.319
888,2019-05-03 21:11:43,65.148
889,2019-05-03 21:11:47,65.406
890,2019-05-03 21:11:50,65.292
891,2019-05-03 21:11:59,65.180
892,2019-05-03 21:12:40,65.316
893,2019-05-03 21:12:50,65.035
894,2019-05-03 21:13:00,65.652
895,2019-05-03 21:13:01,64.928
896,2019-05-03 21:13:08,64.994
897,2019-05-03 21:13:14,65.315
898,2019-05-03 21:13:15,65.291
899,2019-05-03 21:13:36,65.600
900,2019-05-03 21:13:45,65.266
901,2019-05-03 21:13:49,65.233
902,2019-05-03 21:14:01,65.337
903,2019-05-03 21:14:06,65.297
904,2019-05-03 21:14:08,65.217
905,2019-05-03 21:14:09,64.892
906,2019-05-03 21:14:09,65.304
907,2019-05-03 21:14:11,64.957
908,2019-05-03 21:14:13,64.996
909,2019-05-03 21:14:18,65.387
910,2019-05-03 21:14:23,65.018
911,2019-05-03 21:14:44,64.959
912,2019-05-03 21:14:57,65.012
913,2019-05-03 21:15:08,65.242
914,2019-05-03 21:15:19,64.908
915,2019-05-03 21:15:22,65.309
916,2019-05-03 21:15:23,65.300
917,2019-05-03 21:15:27,65.301
918,2019-05-03 21:15:34,65.363
919,2019-05-03 21:15:40,65.317
920,2019-05-03 21:15:51,64.983
921,2019-05-03 21:15:52,65.305
922,2019-05-03 21:15:55,65.322
923,2019-05-03 21:15:59,65.307
924,2019-05-03 21:16:06,64.980
925,2019-05-03 21:16:09,65.335
926,2019-05-03 21:16:18,64.911
927,2019-05-03 21:16:19,64.882
928,2019-05-03 21:16:20,65.004
929,2019-05-03 21:16:27,65.014
930,2019-05-03 21:16:30,65.477
931,2019-05-03 21:16:33,64.979
932,2019-05-03 21:16:34,65.319
933,2019-05-03 21:16:35,65.212
934,2019-05-03 21:16:35,65.021
935,2019-05-03 21:16:46,64.938
936,2019-05-03 21:16:47,64.914
937,2019-05-03 21:16:50,65.308
938,2019-05-03 21:19:01,64.969
939,2019-05-03 21:19:02,65.293
940,2019-05-03 21:19:03,65.276
941,2019-05-03 21:19:14,66.356
942,2019-05-03 21:19:27,65.295
943,2019-05-03 21:19:40,64.986
944,2019-05-03 21:19:44,65.279
945,2019-05-03 21:19:49,65.227
946,2019-05-03 21:19:53,65.009
947,2019-05-03 21:19:55,64.994
948,2019-05-03 21:19:57,65.027
949,2019-05-03 21:19:59,64.849
950,2019-05-03 21:20:05,65.116
951,2019-05-03 21:20:05,65.561
952,2019-05-03 21:20:06,65.205
953,2019-05-03 21:20:18,65.320
954,2019-05-03 21:20:23,65.680
955,2019-05-03 21:20:24,65.529
956,2019-05-03 21:20:24,65.014
957,2019-05-03 21:20:31,64.934
958,2019-05-03 21:20:46,65.326
959,2019-05-03 21:20:54,65.727
960,2019-05-03 21:21:02,65.264
961,2019-05-03 21:21:04,65.652
962,2019-05-03 21:21:13,64.952
963,2019-05-03 21:21:23,65.232
964,2019-05-03 21:21:27,65.022
965,2019-05-03 21:21:35,65.318
966,2019-05-03 21:21:41,65.009
967,2019-05-03 21:21:43,65.272
968,2019-05-03 21:21:44,65.365
969,2019-05-03 21:21:50,65.010
970,2019-05-03 21:21:54,65.256
971,2019-05-03 21:22:07,65.306
972,2019-05-03 21:22:08,65.137
973,2019-05-03 21:22:11,64.998
974,2019-05-03 21:22:12,65.290
975,2019-05-03 21:22:13,65.342
976,2019-05-03 21:22:34,65.077
977,2019-05-03 21:22:51,65.277
978,2019-05-03 21:23:02,64.944
979,2019-05-03 21:23:20,65.295
980,2019-05-03 21:23:21,65.313
981,2019-05-03 21:23:26,65.625
982,2019-05-03 21:23:26,64.949
983,2019-05-03 21:23:28,65.254
984,2019-05-03 21:23:31,65.269
985,2019-05-03 21:23:42,64.975
986,2019-05-03 21:23:43,65.394
987,2019-05-03 21:23:55,64.954
988,2019-05-03 21:24:07,64.947
989,2019-05-03 21:24:16,64.943
990,2019-05-03 21:24:16,64.923
991,2019-05-03 21:24:17,64.960
992,2019-05-03 21:24:17,65.008
993,2019-05-03 21:24:25,65.282
994,2019-05-03 21:24:28,65.286
995,2019-05-03 21:24:30,65.287
996,2019-05-03 21:24:34,64.987
997,2019-05-03 21:24:43,64.944
998,2019-05-03 21:24:43,65.315
999,2019-05-03 21:24:47,65.388
1000,2019-05-03 21:24:51,65.306
1001,2019-05-03 21:26:51,65.218
1002,2019-05-03 21:27:00,65.283
1003,2019-05-03 21:27:03,65.305
1004,2019-05-03 21:27:04,65.419
1005,2019-05-03 21:27:06,65.300
1006,2019-05-03 21:27:07,65.281
1007,2019-05-03 21:27:16,64.985
1008,2019-05-03 21:27:20,65.293
1009,2019-05-03 21:27:23,65.006
1010,2019-05-03 21:27:27,65.365
1011,2019-05-03 21:27:31,65.364
1012,2019-05-03 21:27:32,64.999
1013,2019-05-03 21:27:42,65.367
1014,2019-05-03 21:27:43,65.278
1015,2019-05-03 21:27:54,65.331
1016,2019-05-03 21:27:57,64.944
1017,2019-05-03 21:28:07,65.380
1018,2019-05-03 21:28:15,65.377
1019,2019-05-03 21:28:16,65.322
1020,2019-05-03 21:28:29,64.993
1021,2019-05-03 21:28:29,65.353
1022,2019-05-03 21:28:31,64.949
1023,2019-05-03 21:28:37,65.002
1024,2019-05-03 21:28:38,65.391
1025,2019-05-03 21:28:41,65.103
1026,2019-05-03 21:28:47,64.908
1027,2019-05-03 21:28:51,65.320
1028,2019-05-03 21:28:56,65.294
1029,2019-05-03 21:29:01,65.409
1030,2019-05-03 21:29:01,65.128
1031,2019-05-03 21:29:05,65.282
1032,2019-05-03 21:29:06,65.040
1033,2019-05-03 21:29:15,65.308
1034,2019-05-03 21:29:23,65.803
1035,2019-05-03 21:29:31,65.427
1036,2019-05-03 21:29:47,65.005
1037,2019-05-03 21:29:51,64.859
1038,2019-05-03 21:29:59,64.872
1039,2019-05-03 21:30:05,65.396
1040,2019-05-03 21:30:21,64.936
1041,2019-05-03 21:30:24,65.502
1042,2019-05-03 21:30:33,64.919
1043,2019-05-03 21:30:36,64.954
1044,2019-05-03 21:30:42,65.289
1045,2019-05-03 21:31:00,64.972
1046,2019-05-03 21:31:12,64.942
1047,2019-05-03 21:31:18,65.361
1048,2019-05-03 21:31:22,65.212
1049,2019-05-03 21:31:47,64.924
1050,2019-05-03 21:31:56,64.996
1051,2019-05-03 21:32:00,65.694
1052,2019-05-03 21:32:18,65.041
1053,2019-05-03 21:32:22,65.345
1054,2019-05-03 21:32:26,65.403
1055,2019-05-03 21:32:33,65.394
1056,2019-05-03 21:34:55,65.282
1057,2019-05-03 21:34:55,64.964
1058,2019-05-03 21:35:05,65.425
1059,2019-05-03 21:35:06,65.297
1060,2019-05-03 21:35:06,65.416
1061,2019-05-03 21:35:10,65.292
1062,2019-05-03 21:35:10,65.209
1063,2019-05-03 21:35:13,65.280
1064,2019-05-03 21:35:16,65.210
1065,2019-05-03 21:35:18,65.306
1066,2019-05-03 21:35:20,65.313
1067,2019-05-03 21:35:25,65.359
1068,2019-05-03 21:35:43,64.966
1069,2019-05-03 21:35:48,64.995
1070,2019-05-03 21:35:56,64.935
1071,2019-05-03 21:35:59,65.061
1072,2019-05-03 21:36:24,64.952
1073,2019-05-03 21:36:24,65.330
1074,2019-05-03 21:36:25,64.968
1075,2019-05-03 21:36:26,65.353
1076,2019-05-03 21:36:27,64.949
1077,2019-05-03 21:36:31,65.339
1078,2019-05-03 21:36:33,64.956
1079,2019-05-03 21:36:34,65.251
1080,2019-05-03 21:36:44,64.920
1081,2019-05-03 21:37:02,65.294
1082,2019-05-03 21:37:03,65.258
1083,2019-05-03 21:37:06,64.979
1084,2019-05-03 21:37:07,65.621
1085,2019-05-03 21:37:14,64.951
1086,2019-05-03 21:37:18,65.305
1087,2019-05-03 21:37:29,65.891
1088,2019-05-03 21:37:29,64.965
1089,2019-05-03 21:37:41,65.273
1090,2019-05-03 21:38:05,64.938
1091,2019-05-03 21:38:10,64.897
1092,2019-05-03 21:38:22,64.955
1093,2019-05-03 21:38:25,65.255
1094,2019-05-03 21:38:25,64.960
1095,2019-05-03 21:38:26,65.287
1096,2019-05-03 21:38:30,64.855
1097,2019-05-03 21:38:43,65.281
1098,2019-05-03 21:38:46,65.135
1099,2019-05-03 21:38:48,65.664
1100,2019-05-03 21:38:59,65.345
1101,2019-05-03 21:39:00,65.128
1102,2019-05-03 21:39:08,64.897
1103,2019-05-03 21:39:28,65.256
1104,2019-05-03 21:39:29,64.926
1105,2019-05-03 21:39:30,64.988
1106,2019-05-03 21:39:31,65.059
1107,2019-05-03 21:39:35,65.284
1108,2019-05-03 21:40:10,65.294
1109,2019-05-03 21:40:22,65.363
1110,2019-05-03 21:40:36,65.325
1111,2019-05-03 21:42:40,65.001
1112,2019-05-03 21:42:40,65.536
1113,2019-05-03 21:42:41,64.979
1114,2019-05-03 21:42:45,65.753
1115,2019-05-03 21:42:51,65.009
1116,2019-05-03 21:42:53,65.347
1117,2019-05-03 21:42:53,65.495
1118,2019-05-03 21:42:54,65.271
1119,2019-05-03 21:42:56,64.950
1120,2019-05-03 21:43:00,65.258
1121,2019-05-03 21:43:03,65.265
1122,2019-05-03 21:43:06,65.258
1123,2019-05-03 21:43:14,65.258
1124,2019-05-03 21:43:22,64.921
1125,2019-05-03 21:43:30,65.503
1126,2019-05-03 21:43:32,65.056
1127,2019-05-03 21:43:33,65.230
1128,2019-05-03 21:43:44,64.938
1129,2019-05-03 21:43:52,65.334
1130,2019-05-03 21:43:57,65.086
1131,2019-05-03 21:43:59,65.191
1132,2019-05-03 21:44:07,65.314
1133,2019-05-03 21:44:11,65.267
1134,2019-05-03 21:44:17,65.308
1135,2019-05-03 21:44:22,65.295
1136,2019-05-03 21:44:39,65.262
1137,2019-05-03 21:44:39,65.280
1138,2019-05-03 21:44:40,65.281
1139,2019-05-03 21:44:48,65.303
1140,2019-05-03 21:44:53,65.330
1141,2019-05-03 21:44:56,65.259
1142,2019-05-03 21:45:00,65.309
1143,2019-05-03 21:45:07,65.641
1144,2019-05-03 21:45:12,65.360
1145,2019-05-03 21:45:21,64.954
1146,2019-05-03 21:45:23,65.269
1147,2019-05-03 21:45:32,65.283
1148,2019-05-03 21:45:44,65.249
1149,2019-05-03 21:45:50,65.265
1150,2019-05-03 21:46:14,65.024
1151,2019-05-03 21:46:15,65.161
1152,2019-05-03 21:46:19,65.085
1153,2019-05-03 21:46:36,64.923
1154,2019-05-03 21:46:37,65.567
1155,2019-05-03 21:46:40,65.004
1156,2019-05-03 21:46:44,65.320
1157,2019-05-03 21:46:44,65.469
1158,2019-05-03 21:46:45,64.983
1159,2019-05-03 21:46:55,64.944
1160,2019-05-03 21:46:58,64.988
1161,2019-05-03 21:47:05,64.912
1162,2019-05-03 21:47:26,65.820
1163,2019-05-03 21:47:27,65.347
1164,2019-05-03 21:47:29,64.965
1165,2019-05-03 21:47:36,64.949
1166,2019-05-03 21:47:43,64.902
1167,2019-05-03 21:47:44,65.518
1168,2019-05-03 21:47:48,65.326
1169,2019-05-03 21:47:56,65.281
1170,2019-05-03 21:47:56,65.274
1171,2019-05-03 21:48:08,65.598
1172,2019-05-03 21:48:20,65.314
1173,2019-05-03 21:48:22,64.903
1174,2019-05-03 21:48:25,65.263
1175,2019-05-03 21:50:48,64.939
1176,2019-05-03 21:50:49,65.276
1177,2019-05-03 21:50:50,65.331
1178,2019-05-03 21:50:51,64.978
1179,2019-05-03 21:50:51,65.303
1180,2019-05-03 21:50:58,65.311
1181,2019-05-03 21:51:07,65.217
1182,2019-05-03 21:51:11,64.945
1183,2019-05-03 21:51:14,64.962
1184,2019-05-03 21:51:18,65.265
1185,2019-05-03 21:51:19,65.321
1186,2019-05-03 21:51:26,65.374
1187,2019-05-03 21:51:27,65.289
1188,2019-05-03 21:51:32,64.967
1189,2019-05-03 21:51:33,65.074
1190,2019-05-03 21:51:34,65.572
1191,2019-05-03 21:51:41,65.111
1192,2019-05-03 21:51:59,65.297
1193,2019-05-03 21:52:02,64.919
1194,2019-05-03 21:52:20,64.993
1195,2019-05-03 21:52:22,65.221
1196,2019-05-03 21:52:27,65.423
1197,2019-05-03 21:52:28,64.974
1198,2019-05-03 21:52:28,64.987
1199,2019-05-03 21:52:46,65.358
1200,2019-05-03 21:53:04,64.994
1201,2019-05-03 21:53:08,65.274
1202,2019-05-03 21:53:10,65.299
1203,2019-05-03 21:53:17,65.235
1204,2019-05-03 21:53:19,65.262
1205,2019-05-03 21:53:19,65.078
1206,2019-05-03 21:53:35,65.096
1207,2019-05-03 21:53:37,65.302
1208,2019-05-03 21:53:42,65.312
1209,2019-05-03 21:53:49,65.401
1210,2019-05-03 21:53:55,64.953
1211,2019-05-03 21:54:16,65.110
1212,2019-05-03 21:54:16,64.962
1213,2019-05-03 21:54:22,64.965
1214,2019-05-03 21:54:25,64.988
1215,2019-05-03 21:54:33,65.350
1216,2019-05-03 21:54:34,64.931
1217,2019-05-03 21:54:44,65.315
1218,2019-05-03 21:54:47,64.946
1219,2019-05-03 21:54:49,66.015
1220,2019-05-03 21:54:53,65.107
1221,2019-05-03 21:54:57,65.367
1222,2019-05-03 21:55:15,65.329
1223,2019-05-03 21:55:15,64.991
1224,2019-05-03 21:55:20,65.292
1225,2019-05-03 21:55:23,65.445
1226,2019-05-03 21:55:48,65.317
1227,2019-05-03 21:55:51,64.939
1228,2019-05-03 21:55:52,65.289
1229,2019-05-03 21:56:04,65.349
1230,2019-05-03 21:56:14,65.166
1231,2019-05-03 21:56:20,65.015
1232,2019-05-03 21:56:21,65.311
1233,2019-05-03 21:56:27,65.407
1234,2019-05-03 21:56:27,64.938
1235,2019-05-03 21:58:37,65.347
1236,2019-05-03 21:58:50,66.904
1237,2019-05-03 21:58:53,64.954
1238,2019-05-03 21:58:56,64.934
1239,2019-05-03 21:58:56,64.975
1240,2019-05-03 21:58:57,64.956
1241,2019-05-03 21:58:59,64.946
1242,2019-05-03 21:59:09,64.895
1243,2019-05-03 21:59:10,64.918
1244,2019-05-03 21:59:12,64.964
1245,2019-05-03 21:59:13,65.390
1246,2019-05-03 21:59:16,65.479
1247,2019-05-03 21:59:20,64.958
1248,2019-05-03 21:59:24,65.289
1249,2019-05-03 21:59:26,65.294
1250,2019-05-03 21:59:27,64.963
1251,2019-05-03 21:59:43,64.992
1252,2019-05-03 21:59:48,64.973
1253,2019-05-03 21:59:56,64.968
1254,2019-05-03 22:00:07,65.519
1255,2019-05-03 22:00:14,65.295
1256,2019-05-03 22:00:21,64.924
1257,2019-05-03 22:00:26,64.970
1258,2019-05-03 22:00:29,65.286
1259,2019-05-03 22:00:30,65.169
1260,2019-05-03 22:00:37,65.077
1261,2019-05-03 22:00:40,64.936
1262,2019-05-03 22:00:41,65.331
1263,2019-05-03 22:00:48,65.403
1264,2019-05-03 22:00:53,65.214
1265,2019-05-03 22:00:59,65.975
1266,2019-05-03 22:01:01,65.665
1267,2019-05-03 22:01:07,64.937
1268,2019-05-03 22:01:13,64.994
1269,2019-05-03 22:01:14,64.962
1270,2019-05-03 22:01:22,65.286
1271,2019-05-03 22:01:27,65.337
1272,2019-05-03 22:01:45,64.937
1273,2019-05-03 22:01:48,64.988
1274,2019-05-03 22:01:58,65.321
1275,2019-05-03 22:02:01,64.848
1276,2019-05-03 22:02:10,64.954
1277,2019-05-03 22:02:15,65.261
1278,2019-05-03 22:02:16,64.957
1279,2019-05-03 22:02:24,64.949
1280,2019-05-03 22:02:30,64.991
1281,2019-05-03 22:02:37,64.933
1282,2019-05-03 22:02:48,65.018
1283,2019-05-03 22:02:49,65.005
1284,2019-05-03 22:02:50,64.938
1285,2019-05-03 22:03:01,65.285
1286,2019-05-03 22:03:14,65.317
1287,2019-05-03 22:03:15,65.289
1288,2019-05-03 22:03:25,64.965
1289,2019-05-03 22:03:29,65.378
1290,2019-05-03 22:03:40,65.269
1291,2019-05-03 22:03:44,65.288
1292,2019-05-03 22:03:56,64.970
1293,2019-05-03 22:03:56,64.880
1294,2019-05-03 22:04:00,64.948
1295,2019-05-03 22:04:07,64.991
1296,2019-05-03 22:04:12,65.318
1297,2019-05-03 22:04:18,64.937
1298,2019-05-03 22:06:39,65.398
1299,2019-05-03 22:06:55,65.432
1300,2019-05-03 22:06:56,65.618
1301,2019-05-03 22:07:00,65.295
1302,2019-05-03 22:07:00,65.250
1303,2019-05-03 22:07:01,65.347
1304,2019-05-03 22:07:08,65.333
1305,2019-05-03 22:07:22,65.333
1306,2019-05-03 22:07:22,64.922
1307,2019-05-03 22:07:27,65.296
1308,2019-05-03 22:07:28,65.334
1309,2019-05-03 22:07:33,65.342
1310,2019-05-03 22:07:41,65.009
1311,2019-05-03 22:07:42,65.329
1312,2019-05-03 22:07:43,65.223
1313,2019-05-03 22:08:09,65.284
1314,2019-05-03 22:08:10,65.488
1315,2019-05-03 22:08:10,65.351
1316,2019-05-03 22:08:12,64.987
1317,2019-05-03 22:08:37,64.971
1318,2019-05-03 22:08:38,65.097
1319,2019-05-03 22:08:40,65.350
1320,2019-05-03 22:08:44,64.850
1321,2019-05-03 22:08:51,65.324
1322,2019-05-03 22:08:58,64.947
1323,2019-05-03 22:09:25,65.035
1324,2019-05-03 22:09:25,65.003
1325,2019-05-03 22:09:27,64.925
1326,2019-05-03 22:09:33,64.965
1327,2019-05-03 22:09:33,65.275
1328,2019-05-03 22:09:35,65.378
1329,2019-05-03 22:09:39,65.101
1330,2019-05-03 22:09:40,64.836
1331,2019-05-03 22:09:49,65.007
1332,2019-05-03 22:10:08,65.208
1333,2019-05-03 22:10:22,65.254
1334,2019-05-03 22:10:28,65.208
1335,2019-05-03 22:10:30,65.338
1336,2019-05-03 22:10:36,65.347
1337,2019-05-03 22:10:45,65.008
1338,2019-05-03 22:10:46,64.906
1339,2019-05-03 22:10:47,64.978
1340,2019-05-03 22:11:15,65.262
1341,2019-05-03 22:11:21,64.980
1342,2019-05-03 22:11:25,64.953
1343,2019-05-03 22:11:40,65.355
1344,2019-05-03 22:11:53,65.209
1345,2019-05-03 22:11:58,65.034
1346,2019-05-03 22:12:03,65.303
1347,2019-05-03 22:12:05,65.601
1348,2019-05-03 22:12:15,65.032
1349,2019-05-03 22:12:28,65.321
1350,2019-05-03 22:14:34,65.512
1351,2019-05-03 22:14:35,65.250
1352,2019-05-03 22:14:37,65.553
1353,2019-05-03 22:14:38,65.478
1354,2019-05-03 22:14:39,65.323
1355,2019-05-03 22:14:41,65.009
1356,2019-05-03 22:14:45,65.044
1357,2019-05-03 22:14:46,65.352
1358,2019-05-03 22:14:47,65.237
1359,2019-05-03 22:14:47,64.870
1360,2019-05-03 22:14:50,65.361
1361,2019-05-03 22:14:50,65.032
1362,2019-05-03 22:14:51,65.077
1363,2019-05-03 22:15:00,65.310
1364,2019-05-03 22:15:00,65.332
1365,2019-05-03 22:15:06,65.042
1366,2019-05-03 22:15:23,65.337
1367,2019-05-03 22:15:30,65.492
1368,2019-05-03 22:15:41,65.113
1369,2019-05-03 22:15:47,65.247
1370,2019-05-03 22:15:51,64.994
1371,2019-05-03 22:15:51,65.463
1372,2019-05-03 22:15:51,65.658
1373,2019-05-03 22:15:51,64.915
1374,2019-05-03 22:15:56,65.040
1375,2019-05-03 22:16:02,65.358
1376,2019-05-03 22:16:10,65.333
1377,2019-05-03 22:16:12,65.307
1378,2019-05-03 22:16:12,64.986
1379,2019-05-03 22:16:14,64.976
1380,2019-05-03 22:16:16,65.356
1381,2019-05-03 22:16:28,65.404
1382,2019-05-03 22:16:31,65.260
1383,2019-05-03 22:16:37,64.928
1384,2019-05-03 22:16:47,64.952
1385,2019-05-03 22:16:50,65.313
1386,2019-05-03 22:16:55,64.961
1387,2019-05-03 22:16:56,64.988
1388,2019-05-03 22:17:09,65.361
1389,2019-05-03 22:17:15,65.292
1390,2019-05-03 22:17:19,65.305
1391,2019-05-03 22:17:20,65.297
1392,2019-05-03 22:17:25,65.592
1393,2019-05-03 22:17:42,65.557
1394,2019-05-03 22:17:44,64.945
1395,2019-05-03 22:18:13,65.270
1396,2019-05-03 22:18:15,65.297
1397,2019-05-03 22:18:25,65.391
1398,2019-05-03 22:18:37,65.281
1399,2019-05-03 22:18:46,65.303
1400,2019-05-03 22:18:48,65.281
1401,2019-05-03 22:18:50,64.950
1402,2019-05-03 22:18:58,64.918
1403,2019-05-03 22:19:06,64.978
1404,2019-05-03 22:19:09,65.013
1405,2019-05-03 22:19:18,64.923
1406,2019-05-03 22:19:22,65.243
1407,2019-05-03 22:19:26,65.255
1408,2019-05-03 22:19:26,64.891
1409,2019-05-03 22:19:37,65.028
1410,2019-05-03 22:19:55,64.956
1411,2019-05-03 22:19:57,65.286
1412,2019-05-03 22:20:01,65.330
1413,2019-05-03 22:20:07,64.979
1414,2019-05-03 22:20:09,65.411
1415,2019-05-03 22:20:11,65.419
1416,2019-05-03 22:22:49,65.062
1417,2019-05-03 22:22:51,65.402
1418,2019-05-03 22:22:52,65.066
1419,2019-05-03 22:22:56,65.260
1420,2019-05-03 22:23:02,65.303
1421,2019-05-03 22:23:09,65.141
1422,2019-05-03 22:23:27,65.287
1423,2019-05-03 22:23:49,65.035
1424,2019-05-03 22:23:49,64.956
1425,2019-05-03 22:23:57,64.932
1426,2019-05-03 22:23:59,65.318
1427,2019-05-03 22:24:02,65.654
1428,2019-05-03 22:24:03,65.367
1429,2019-05-03 22:24:16,65.346
1430,2019-05-03 22:24:41,65.309
1431,2019-05-03 22:24:46,65.381
1432,2019-05-03 22:24:51,64.990
1433,2019-05-03 22:24:53,65.022
1434,2019-05-03 22:24:56,65.253
1435,2019-05-03 22:25:01,65.740
1436,2019-05-03 22:25:08,65.322
1437,2019-05-03 22:25:14,65.578
1438,2019-05-03 22:25:21,65.322
1439,2019-05-03 22:25:24,64.928
1440,2019-05-03 22:25:28,65.238
1441,2019-05-03 22:25:30,65.341
1442,2019-05-03 22:25:33,65.304
1443,2019-05-03 22:25:36,65.285
1444,2019-05-03 22:25:42,65.241
1445,2019-05-03 22:25:44,65.554
1446,2019-05-03 22:25:45,65.324
1447,2019-05-03 22:25:52,64.953
1448,2019-05-03 22:26:04,65.388
1449,2019-05-03 22:26:12,64.957
1450,2019-05-03 22:26:14,65.132
1451,2019-05-03 22:26:22,65.295
1452,2019-05-03 22:26:27,64.953
1453,2019-05-03 22:26:30,65.362
1454,2019-05-03 22:26:32,65.253
1455,2019-05-03 22:26:42,65.053
1456,2019-05-03 22:26:51,64.951
1457,2019-05-03 22:26:52,64.949
1458,2019-05-03 22:26:53,64.940
1459,2019-05-03 22:26:53,64.988
1460,2019-05-03 22:26:55,65.488
1461,2019-05-03 22:26:58,64.966
1462,2019-05-03 22:27:04,64.932
1463,2019-05-03 22:27:06,65.006
1464,2019-05-03 22:27:07,64.920
1465,2019-05-03 22:27:10,64.937
1466,2019-05-03 22:27:19,64.979
1467,2019-05-03 22:27:29,65.402
1468,2019-05-03 22:27:30,65.166
1469,2019-05-03 22:27:36,65.259
1470,2019-05-03 22:27:42,64.972
1471,2019-05-03 22:27:44,65.283
1472,2019-05-03 22:27:44,65.534
1473,2019-05-03 22:27:52,64.856
1474,2019-05-03 22:27:56,65.237
1475,2019-05-03 22:27:56,65.292
1476,2019-05-03 22:27:56,65.080
1477,2019-05-03 22:27:59,64.958
1478,2019-05-03 22:28:03,65.710
1479,2019-05-03 22:28:07,65.398
1480,2019-05-03 22:28:11,65.004
1481,2019-05-03 22:28:14,65.313
1482,2019-05-03 22:28:16,64.867
1483,2019-05-03 22:28:19,65.282
1484,2019-05-03 22:28:20,65.286
1485,2019-05-03 22:28:25,64.963
1486,2019-05-03 22:28:35,65.264
1487,2019-05-03 22:30:34,65.484
1488,2019-05-03 22:30:38,65.345
1489,2019-05-03 22:30:40,65.144
1490,2019-05-03 22:30:42,65.307
1491,2019-05-03 22:30:45,65.280
1492,2019-05-03 22:30:49,65.280
1493,2019-05-03 22:30:51,65.355
1494,2019-05-03 22:30:55,65.270
1495,2019-05-03 22:30:56,65.183
1496,2019-05-03 22:31:03,64.932
1497,2019-05-03 22:31:04,65.298
1498,2019-05-03 22:31:05,64.928
1499,2019-05-03 22:31:07,65.298
1500,2019-05-03 22:31:14,65.018
1501,2019-05-03 22:31:22,65.243
1502,2019-05-03 22:31:22,65.294
1503,2019-05-03 22:31:25,65.177
1504,2019-05-03 22:31:35,64.903
1505,2019-05-03 22:31:49,64.941
1506,2019-05-03 22:31:51,64.948
1507,2019-05-03 22:31:52,65.240
1508,2019-05-03 22:31:55,65.300
1509,2019-05-03 22:31:55,64.980
1510,2019-05-03 22:32:03,65.279
1511,2019-05-03 22:32:05,65.334
1512,2019-05-03 22:32:08,64.931
1513,2019-05-03 22:32:10,64.929
1514,2019-05-03 22:32:12,64.939
1515,2019-05-03 22:32:13,65.269
1516,2019-05-03 22:32:13,65.263
1517,2019-05-03 22:32:15,65.300
1518,2019-05-03 22:32:17,65.302
1519,2019-05-03 22:32:19,64.941
1520,2019-05-03 22:32:22,64.964
1521,2019-05-03 22:32:51,65.296
1522,2019-05-03 22:32:54,65.280
1523,2019-05-03 22:33:00,65.300
1524,2019-05-03 22:33:03,65.072
1525,2019-05-03 22:33:29,65.231
1526,2019-05-03 22:33:30,65.336
1527,2019-05-03 22:33:34,65.293
1528,2019-05-03 22:33:36,65.355
1529,2019-05-03 22:33:38,65.275
1530,2019-05-03 22:33:41,65.220
1531,2019-05-03 22:33:47,64.919
1532,2019-05-03 22:34:06,65.296
1533,2019-05-03 22:34:18,65.355
1534,2019-05-03 22:34:27,65.718
1535,2019-05-03 22:34:29,65.058
1536,2019-05-03 22:34:32,64.932
1537,2019-05-03 22:34:33,65.545
1538,2019-05-03 22:34:56,64.969
1539,2019-05-03 22:35:07,65.589
1540,2019-05-03 22:35:12,65.311
1541,2019-05-03 22:35:19,65.343
1542,2019-05-03 22:35:29,65.254
1543,2019-05-03 22:35:40,64.929
1544,2019-05-03 22:35:43,65.094
1545,2019-05-03 22:35:45,64.969
1546,2019-05-03 22:35:48,65.296
1547,2019-05-03 22:35:52,65.299
1548,2019-05-03 22:35:59,64.932
1549,2019-05-03 22:36:05,64.939
1550,2019-05-03 22:36:07,64.925
1551,2019-05-03 22:36:08,64.896
1552,2019-05-03 22:36:14,65.725
1553,2019-05-03 22:36:14,64.931
1554,2019-05-03 22:36:21,65.286
1555,2019-05-03 22:38:41,65.212
1556,2019-05-03 22:38:42,65.641
1557,2019-05-03 22:38:43,65.295
1558,2019-05-03 22:38:44,65.303
1559,2019-05-03 22:38:45,65.490
1560,2019-05-03 22:38:48,64.933
1561,2019-05-03 22:38:49,65.266
1562,2019-05-03 22:38:51,64.989
1563,2019-05-03 22:38:52,64.904
1564,2019-05-03 22:38:54,64.983
1565,2019-05-03 22:38:59,65.330
1566,2019-05-03 22:38:59,64.939
1567,2019-05-03 22:39:10,65.097
1568,2019-05-03 22:39:16,64.961
1569,2019-05-03 22:39:17,64.915
1570,2019-05-03 22:39:21,65.370
1571,2019-05-03 22:39:23,65.300
1572,2019-05-03 22:39:30,65.073
1573,2019-05-03 22:39:32,64.958
1574,2019-05-03 22:39:33,65.610
1575,2019-05-03 22:39:50,65.406
1576,2019-05-03 22:39:52,65.691
1577,2019-05-03 22:40:01,65.321
1578,2019-05-03 22:40:08,65.298
1579,2019-05-03 22:40:11,64.928
1580,2019-05-03 22:40:19,65.241
1581,2019-05-03 22:40:22,64.929
1582,2019-05-03 22:40:38,65.317
1583,2019-05-03 22:40:42,65.008
1584,2019-05-03 22:40:47,65.304
1585,2019-05-03 22:40:51,65.291
1586,2019-05-03 22:40:54,64.944
1587,2019-05-03 22:40:57,65.257
1588,2019-05-03 22:41:25,65.337
1589,2019-05-03 22:41:32,65.293
1590,2019-05-03 22:41:32,65.338
1591,2019-05-03 22:41:37,65.307
1592,2019-05-03 22:41:40,65.333
1593,2019-05-03 22:41:43,65.285
1594,2019-05-03 22:41:45,64.964
1595,2019-05-03 22:42:07,65.410
1596,2019-05-03 22:42:08,65.464
1597,2019-05-03 22:42:09,65.037
1598,2019-05-03 22:42:18,64.987
1599,2019-05-03 22:42:19,64.968
1600,2019-05-03 22:42:19,65.299
1601,2019-05-03 22:42:20,64.987
1602,2019-05-03 22:42:21,65.373
1603,2019-05-03 22:42:24,65.344
1604,2019-05-03 22:42:26,64.998
1605,2019-05-03 22:42:31,64.999
1606,2019-05-03 22:42:42,64.915
1607,2019-05-03 22:42:44,65.297
1608,2019-05-03 22:42:50,65.347
1609,2019-05-03 22:42:57,65.281
1610,2019-05-03 22:43:03,64.908
1611,2019-05-03 22:43:04,65.365
1612,2019-05-03 22:43:12,65.611
1613,2019-05-03 22:43:19,65.284
1614,2019-05-03 22:43:21,64.974
1615,2019-05-03 22:43:22,64.946
1616,2019-05-03 22:43:28,64.972
1617,2019-05-03 22:43:30,65.331
1618,2019-05-03 22:43:30,64.975
1619,2019-05-03 22:43:31,64.971
1620,2019-05-03 22:43:32,64.965
1621,2019-05-03 22:43:43,65.128
1622,2019-05-03 22:43:48,65.280
1623,2019-05-03 22:43:49,64.947
1624,2019-05-03 22:43:49,65.302
1625,2019-05-03 22:43:50,66.627
1626,2019-05-03 22:43:52,64.904
1627,2019-05-03 22:43:54,64.905
1628,2019-05-03 22:44:02,65.001
1629,2019-05-03 22:44:03,64.940
1630,2019-05-03 22:44:09,65.020
1631,2019-05-03 22:44:11,65.307
1632,2019-05-03 22:44:16,64.939
1633,2019-05-03 22:46:43,65.320
1634,2019-05-03 22:46:46,65.331
1635,2019-05-03 22:46:51,64.906
1636,2019-05-03 22:46:51,65.007
1637,2019-05-03 22:47:08,65.300
1638,2019-05-03 22:47:12,65.527
1639,2019-05-03 22:47:13,65.119
1640,2019-05-03 22:47:18,65.280
1641,2019-05-03 22:47:22,64.956
1642,2019-05-03 22:47:26,65.279
1643,2019-05-03 22:47:36,65.322
1644,2019-05-03 22:47:40,64.969
1645,2019-05-03 22:47:42,64.942
1646,2019-05-03 22:47:45,65.291
1647,2019-05-03 22:47:53,65.556
1648,2019-05-03 22:47:59,65.287
1649,2019-05-03 22:48:03,64.957
1650,2019-05-03 22:48:17,65.002
1651,2019-05-03 22:48:23,64.986
1652,2019-05-03 22:48:38,65.337
1653,2019-05-03 22:48:43,65.300
1654,2019-05-03 22:48:44,65.360
1655,2019-05-03 22:48:45,65.285
1656,2019-05-03 22:48:51,65.325
1657,2019-05-03 22:48:51,65.520
1658,2019-05-03 22:48:53,64.933
1659,2019-05-03 22:48:55,65.363
1660,2019-05-03 22:48:58,64.969
1661,2019-05-03 22:48:59,65.016
1662,2019-05-03 22:49:01,65.299
1663,2019-05-03 22:49:05,64.950
1664,2019-05-03 22:49:06,64.944
1665,2019-05-03 22:49:09,64.964
1666,2019-05-03 22:49:19,64.976
1667,2019-05-03 22:49:30,64.919
1668,2019-05-03 22:49:48,65.247
1669,2019-05-03 22:49:50,64.926
1670,2019-05-03 22:50:01,65.312
1671,2019-05-03 22:50:06,65.319
1672,2019-05-03 22:50:11,65.320
1673,2019-05-03 22:50:13,64.803
1674,2019-05-03 22:50:23,64.945
1675,2019-05-03 22:50:34,65.257
1676,2019-05-03 22:50:36,65.532
1677,2019-05-03 22:50:42,65.596
1678,2019-05-03 22:50:51,64.966
1679,2019-05-03 22:50:53,64.963
1680,2019-05-03 22:50:57,64.903
1681,2019-05-03 22:50:59,64.933
1682,2019-05-03 22:51:03,65.374
1683,2019-05-03 22:51:09,64.975
1684,2019-05-03 22:51:09,65.032
1685,2019-05-03 22:51:19,65.307
1686,2019-05-03 22:51:26,65.341
1687,2019-05-03 22:51:27,65.262
1688,2019-05-03 22:51:32,64.949
1689,2019-05-03 22:51:39,65.374
1690,2019-05-03 22:51:42,64.977
1691,2019-05-03 22:51:53,65.309
1692,2019-05-03 22:51:56,64.976
1693,2019-05-03 22:52:08,65.283
1694,2019-05-03 22:52:10,65.214
1695,2019-05-03 22:52:15,64.927
1696,2019-05-03 22:52:20,65.440
1697,2019-05-03 22:52:22,64.975
1698,2019-05-03 22:54:43,65.230
1699,2019-05-03 22:54:44,65.365
1700,2019-05-03 22:54:45,65.220
1701,2019-05-03 22:54:46,65.323
1702,2019-05-03 22:54:50,64.948
1703,2019-05-03 22:54:50,65.270
1704,2019-05-03 22:54:51,65.016
1705,2019-05-03 22:55:00,64.909
1706,2019-05-03 22:55:03,65.006
1707,2019-05-03 22:55:04,65.546
1708,2019-05-03 22:55:06,64.934
1709,2019-05-03 22:55:07,65.088
1710,2019-05-03 22:55:13,64.965
1711,2019-05-03 22:55:19,65.281
1712,2019-05-03 22:55:21,64.975
1713,2019-05-03 22:55:23,65.296
1714,2019-05-03 22:55:49,65.329
1715,2019-05-03 22:56:07,64.934
1716,2019-05-03 22:56:09,65.057
1717,2019-05-03 22:56:21,65.370
1718,2019-05-03 22:56:25,64.920
1719,2019-05-03 22:56:31,64.951
1720,2019-05-03 22:56:33,65.341
1721,2019-05-03 22:57:07,65.466
1722,2019-05-03 22:57:23,64.930
1723,2019-05-03 22:57:27,65.332
1724,2019-05-03 22:57:32,65.316
1725,2019-05-03 22:57:37,65.516
1726,2019-05-03 22:57:42,64.930
1727,2019-05-03 22:57:46,65.382
1728,2019-05-03 22:57:46,65.343
1729,2019-05-03 22:57:51,64.988
1730,2019-05-03 22:57:52,64.941
1731,2019-05-03 22:57:54,65.824
1732,2019-05-03 22:57:58,65.276
1733,2019-05-03 22:58:05,64.973
1734,2019-05-03 22:58:10,65.373
1735,2019-05-03 22:58:11,65.346
1736,2019-05-03 22:58:13,65.044
1737,2019-05-03 22:58:16,65.302
1738,2019-05-03 22:58:18,64.984
1739,2019-05-03 22:58:22,64.951
1740,2019-05-03 22:58:30,65.662
1741,2019-05-03 22:58:31,65.263
1742,2019-05-03 22:58:38,65.318
1743,2019-05-03 22:58:42,65.292
1744,2019-05-03 22:58:51,65.758
1745,2019-05-03 22:58:53,65.037
1746,2019-05-03 22:58:54,65.347
1747,2019-05-03 22:58:56,64.975
1748,2019-05-03 22:59:13,65.345
1749,2019-05-03 22:59:20,65.298
1750,2019-05-03 22:59:31,65.262
1751,2019-05-03 22:59:42,64.962
1752,2019-05-03 22:59:44,65.297
1753,2019-05-03 22:59:56,64.955
1754,2019-05-03 22:59:58,65.640
1755,2019-05-03 22:59:58,65.235
1756,2019-05-03 23:00:14,65.285
1757,2019-05-03 23:00:22,64.972
1758,2019-05-03 23:02:31,65.164
1759,2019-05-03 23:02:38,65.604
1760,2019-05-03 23:02:41,65.707
1761,2019-05-03 23:02:41,65.071
1762,2019-05-03 23:02:54,64.926
1763,2019-05-03 23:02:55,65.405
1764,2019-05-03 23:02:58,65.967
1765,2019-05-03 23:03:02,65.127
1766,2019-05-03 23:03:17,64.954
1767,2019-05-03 23:03:35,64.933
1768,2019-05-03 23:03:57,65.758
1769,2019-05-03 23:04:00,64.898
1770,2019-05-03 23:04:01,65.380
1771,2019-05-03 23:04:09,65.229
1772,2019-05-03 23:04:11,65.297
1773,2019-05-03 23:04:29,65.519
1774,2019-05-03 23:04:29,65.359
1775,2019-05-03 23:04:31,65.292
1776,2019-05-03 23:04:32,65.320
1777,2019-05-03 23:04:35,65.048
1778,2019-05-03 23:04:35,65.089
1779,2019-05-03 23:04:37,64.946
1780,2019-05-03 23:04:47,65.352
1781,2019-05-03 23:04:52,64.921
1782,2019-05-03 23:04:55,64.956
1783,2019-05-03 23:04:58,64.930
1784,2019-05-03 23:05:18,65.283
1785,2019-05-03 23:05:45,65.286
1786,2019-05-03 23:05:46,65.267
1787,2019-05-03 23:05:59,64.964
1788,2019-05-03 23:06:04,65.300
1789,2019-05-03 23:06:15,65.288
1790,2019-05-03 23:06:19,65.630
1791,2019-05-03 23:06:20,64.971
1792,2019-05-03 23:06:21,64.953
1793,2019-05-03 23:06:25,65.345
1794,2019-05-03 23:06:26,65.038
1795,2019-05-03 23:06:27,65.348
1796,2019-05-03 23:06:29,65.350
1797,2019-05-03 23:06:37,65.003
1798,2019-05-03 23:06:54,64.974
1799,2019-05-03 23:06:56,65.138
1800,2019-05-03 23:07:02,65.038
1801,2019-05-03 23:07:06,65.319
1802,2019-05-03 23:07:15,65.304
1803,2019-05-03 23:07:18,65.621
1804,2019-05-03 23:07:23,65.033
1805,2019-05-03 23:07:24,65.410
1806,2019-05-03 23:07:39,65.409
1807,2019-05-03 23:07:44,64.923
1808,2019-05-03 23:07:58,65.024
1809,2019-05-03 23:08:00,65.358
1810,2019-05-03 23:08:00,65.311
1811,2019-05-03 23:08:05,64.999
1812,2019-05-03 23:08:08,65.025
1813,2019-05-03 23:08:09,64.920
1814,2019-05-03 23:08:10,65.283
1815,2019-05-03 23:08:11,64.955
1816,2019-05-03 23:08:13,64.958
1817,2019-05-03 23:10:26,65.024
1818,2019-05-03 23:10:26,65.316
1819,2019-05-03 23:10:30,64.996
1820,2019-05-03 23:10:33,65.345
1821,2019-05-03 23:10:36,65.630
1822,2019-05-03 23:10:37,65.470
1823,2019-05-03 23:10:43,65.325
1824,2019-05-03 23:10:43,65.334
1825,2019-05-03 23:10:47,65.033
1826,2019-05-03 23:10:53,65.296
1827,2019-05-03 23:10:56,65.495
1828,2019-05-03 23:11:18,65.314
1829,2019-05-03 23:11:31,64.948
1830,2019-05-03 23:11:48,65.412
1831,2019-05-03 23:11:52,65.320
1832,2019-05-03 23:12:03,64.948
1833,2019-05-03 23:12:05,65.349
1834,2019-05-03 23:12:06,65.374
1835,2019-05-03 23:12:15,64.987
1836,2019-05-03 23:12:23,65.430
1837,2019-05-03 23:12:25,64.922
1838,2019-05-03 23:12:33,64.949
1839,2019-05-03 23:12:42,65.001
1840,2019-05-03 23:12:42,65.291
1841,2019-05-03 23:12:43,65.036
1842,2019-05-03 23:12:49,65.008
1843,2019-05-03 23:12:53,65.416
1844,2019-05-03 23:12:58,65.342
1845,2019-05-03 23:13:01,65.371
1846,2019-05-03 23:13:06,65.429
1847,2019-05-03 23:13:13,65.188
1848,2019-05-03 23:13:17,65.427
1849,2019-05-03 23:13:21,65.100
1850,2019-05-03 23:13:32,65.470
1851,2019-05-03 23:13:46,65.277
1852,2019-05-03 23:13:57,64.956
1853,2019-05-03 23:13:59,65.322
1854,2019-05-03 23:13:59,64.948
1855,2019-05-03 23:14:09,64.991
1856,2019-05-03 23:14:11,64.931
1857,2019-05-03 23:14:19,65.265
1858,2019-05-03 23:14:19,65.018
1859,2019-05-03 23:14:22,65.001
1860,2019-05-03 23:14:31,64.982
1861,2019-05-03 23:14:34,64.967
1862,2019-05-03 23:14:39,65.329
1863,2019-05-03 23:14:44,65.310
1864,2019-05-03 23:14:46,64.947
1865,2019-05-03 23:15:05,65.394
1866,2019-05-03 23:15:08,64.948
1867,2019-05-03 23:15:10,65.148
1868,2019-05-03 23:15:11,65.001
1869,2019-05-03 23:15:12,64.961
1870,2019-05-03 23:15:29,65.268
1871,2019-05-03 23:15:36,65.258
1872,2019-05-03 23:15:40,65.266
1873,2019-05-03 23:15:42,64.971
1874,2019-05-03 23:15:44,65.328
1875,2019-05-03 23:15:49,65.295
1876,2019-05-03 23:18:16,65.334
1877,2019-05-03 23:18:18,65.195
1878,2019-05-03 23:18:18,64.904
1879,2019-05-03 23:18:24,64.940
1880,2019-05-03 23:18:26,64.930
1881,2019-05-03 23:18:38,64.924
1882,2019-05-03 23:18:44,64.947
1883,2019-05-03 23:18:48,65.339
1884,2019-05-03 23:18:55,65.270
1885,2019-05-03 23:18:59,64.921
1886,2019-05-03 23:19:04,65.285
1887,2019-05-03 23:19:14,65.352
1888,2019-05-03 23:19:15,64.992
1889,2019-05-03 23:19:18,65.283
1890,2019-05-03 23:19:26,65.343
1891,2019-05-03 23:19:41,64.964
1892,2019-05-03 23:20:00,65.066
1893,2019-05-03 23:20:02,65.049
1894,2019-05-03 23:20:12,64.995
1895,2019-05-03 23:20:16,65.261
1896,2019-05-03 23:20:18,65.326
1897,2019-05-03 23:20:22,65.335
1898,2019-05-03 23:20:25,65.537
1899,2019-05-03 23:20:31,65.322
1900,2019-05-03 23:20:32,65.314
1901,2019-05-03 23:20:36,64.971
1902,2019-05-03 23:21:01,65.309
1903,2019-05-03 23:21:03,64.930
1904,2019-05-03 23:21:11,65.282
1905,2019-05-03 23:21:23,65.524
1906,2019-05-03 23:21:25,65.270
1907,2019-05-03 23:21:41,64.965
1908,2019-05-03 23:21:48,64.986
1909,2019-05-03 23:21:50,64.972
1910,2019-05-03 23:21:51,65.322
1911,2019-05-03 23:21:56,65.252
1912,2019-05-03 23:22:00,65.363
1913,2019-05-03 23:22:09,64.962
1914,2019-05-03 23:22:20,65.302
1915,2019-05-03 23:22:23,64.928
1916,2019-05-03 23:22:23,65.387
1917,2019-05-03 23:22:35,64.925
1918,2019-05-03 23:22:57,65.347
1919,2019-05-03 23:23:02,65.332
1920,2019-05-03 23:23:03,65.021
1921,2019-05-03 23:23:07,65.043
1922,2019-05-03 23:23:11,65.331
1923,2019-05-03 23:23:12,65.319
1924,2019-05-03 23:23:23,65.309
1925,2019-05-03 23:23:29,65.286
1926,2019-05-03 23:23:33,65.335
1927,2019-05-03 23:23:51,65.264
1928,2019-05-03 23:23:54,65.349
1929,2019-05-03 23:23:56,64.984
1930,2019-05-03 23:26:20,65.118
1931,2019-05-03 23:26:25,65.316
1932,2019-05-03 23:26:31,64.993
1933,2019-05-03 23:26:42,65.269
1934,2019-05-03 23:26:52,65.163
1935,2019-05-03 23:26:55,65.324
1936,2019-05-03 23:26:57,65.078
1937,2019-05-03 23:27:13,65.558
1938,2019-05-03 23:27:17,65.252
1939,2019-05-03 23:27:18,65.245
1940,2019-05-03 23:27:39,64.973
1941,2019-05-03 23:27:52,65.673
1942,2019-05-03 23:27:59,64.902
1943,2019-05-03 23:28:03,65.682
1944,2019-05-03 23:28:12,65.272
1945,2019-05-03 23:28:13,65.291
1946,2019-05-03 23:28:16,65.377
1947,2019-05-03 23:28:18,65.296
1948,2019-05-03 23:28:18,65.351
1949,2019-05-03 23:28:29,65.283
1950,2019-05-03 23:28:32,64.962
1951,2019-05-03 23:28:34,65.354
1952,2019-05-03 23:28:35,65.494
1953,2019-05-03 23:28:48,65.285
1954,2019-05-03 23:28:50,65.250
1955,2019-05-03 23:28:51,65.349
1956,2019-05-03 23:29:03,64.982
1957,2019-05-03 23:29:03,65.257
1958,2019-05-03 23:29:04,65.180
1959,2019-05-03 23:29:13,65.339
1960,2019-05-03 23:29:46,65.324
1961,2019-05-03 23:29:47,64.920
1962,2019-05-03 23:30:00,65.311
1963,2019-05-03 23:30:01,65.683
1964,2019-05-03 23:30:02,65.326
1965,2019-05-03 23:30:07,66.637
1966,2019-05-03 23:30:09,65.000
1967,2019-05-03 23:30:14,65.341
1968,2019-05-03 23:30:22,65.655
1969,2019-05-03 23:30:26,65.630
1970,2019-05-03 23:30:38,64.945
1971,2019-05-03 23:30:40,65.245
1972,2019-05-03 23:30:46,65.292
1973,2019-05-03 23:30:50,65.099
1974,2019-05-03 23:31:01,64.924
1975,2019-05-03 23:31:01,65.567
1976,2019-05-03 23:31:03,64.901
1977,2019-05-03 23:31:10,65.432
1978,2019-05-03 23:31:15,65.009
1979,2019-05-03 23:31:19,65.343
1980,2019-05-03 23:31:27,64.938
1981,2019-05-03 23:31:42,65.312
1982,2019-05-03 23:31:52,65.587
1983,2019-05-03 23:31:53,65.334
1984,2019-05-03 23:31:55,65.219
1985,2019-05-03 23:31:56,65.182
1986,2019-05-03 23:31:59,65.332
1987,2019-05-03 23:32:00,65.438
1988,2019-05-03 23:32:01,65.298
1989,2019-05-03 23:32:04,64.829
1990,2019-05-03 23:35:00,65.372
1991,2019-05-03 23:35:05,64.910
1992,2019-05-03 23:35:06,64.881
1993,2019-05-03 23:35:07,65.288
1994,2019-05-03 23:35:08,64.954
1995,2019-05-03 23:35:09,65.297
1996,2019-05-03 23:35:12,65.282
1997,2019-05-03 23:35:14,65.334
1998,2019-05-03 23:35:15,65.326
1999,2019-05-03 23:35:18,65.005
2000,2019-05-03 23:35:20,65.122
2001,2019-05-03 23:35:21,65.049
2002,2019-05-03 23:35:33,65.299
2003,2019-05-03 23:35:39,65.258
2004,2019-05-03 23:35:42,65.303
2005,2019-05-03 23:35:50,65.366
2006,2019-05-03 23:35:55,65.316
2007,2019-05-03 23:36:01,65.342
2008,2019-05-03 23:36:02,65.256
2009,2019-05-03 23:36:03,65.337
2010,2019-05-03 23:36:06,65.317
2011,2019-05-03 23:36:12,65.358
2012,2019-05-03 23:36:15,65.399
2013,2019-05-03 23:36:15,64.881
2014,2019-05-03 23:36:19,64.945
2015,2019-05-03 23:36:20,65.288
2016,2019-05-03 23:36:49,65.319
2017,2019-05-03 23:36:57,65.153
2018,2019-05-03 23:36:58,64.985
2019,2019-05-03 23:37:08,64.994
2020,2019-05-03 23:37:11,65.011
2021,2019-05-03 23:37:14,65.387
2022,2019-05-03 23:37:16,65.016
2023,2019-05-03 23:37:21,65.282
2024,2019-05-03 23:37:22,65.238
2025,2019-05-03 23:37:26,64.930
2026,2019-05-03 23:37:27,64.973
2027,2019-05-03 23:37:41,65.311
2028,2019-05-03 23:37:46,65.251
2029,2019-05-03 23:37:46,64.967
2030,2019-05-03 23:37:56,64.932
2031,2019-05-03 23:37:59,64.965
2032,2019-05-03 23:37:59,65.419
2033,2019-05-03 23:38:08,64.973
2034,2019-05-03 23:38:09,65.308
2035,2019-05-03 23:38:10,65.581
2036,2019-05-03 23:38:11,64.942
2037,2019-05-03 23:38:17,65.306
2038,2019-05-03 23:38:52,64.997
2039,2019-05-03 23:38:52,64.979
2040,2019-05-03 23:39:17,65.042
2041,2019-05-03 23:39:23,65.283
2042,2019-05-03 23:39:28,65.306
2043,2019-05-03 23:39:29,65.014
2044,2019-05-03 23:39:29,65.316
2045,2019-05-03 23:39:41,64.987
2046,2019-05-03 23:39:47,65.320
2047,2019-05-03 23:39:47,65.687
2048,2019-05-03 23:39:47,65.353
2049,2019-05-03 23:39:49,65.222
2050,2019-05-03 23:39:55,65.170
2051,2019-05-03 23:40:03,65.016
2052,2019-05-03 23:40:05,65.069
2053,2019-05-03 23:40:06,65.384
2054,2019-05-03 23:40:14,64.926
2055,2019-05-03 23:40:39,65.590
2056,2019-05-03 23:43:20,64.917
2057,2019-05-03 23:43:20,65.315
2058,2019-05-03 23:43:22,65.364
2059,2019-05-03 23:43:25,65.293
2060,2019-05-03 23:43:27,65.279
2061,2019-05-03 23:43:29,65.504
2062,2019-05-03 23:43:36,65.271
2063,2019-05-03 23:43:38,65.350
2064,2019-05-03 23:43:51,64.944
2065,2019-05-03 23:43:54,65.021
2066,2019-05-03 23:44:00,65.279
2067,2019-05-03 23:44:02,64.957
2068,2019-05-03 23:44:10,64.934
2069,2019-05-03 23:44:14,64.955
2070,2019-05-03 23:44:16,65.126
2071,2019-05-03 23:44:25,64.968
2072,2019-05-03 23:44:28,64.945
2073,2019-05-03 23:44:30,65.271
2074,2019-05-03 23:44:34,65.327
2075,2019-05-03 23:44:37,65.004
2076,2019-05-03 23:44:42,65.269
2077,2019-05-03 23:44:47,65.218
2078,2019-05-03 23:44:47,65.322
2079,2019-05-03 23:44:51,64.989
2080,2019-05-03 23:45:05,66.037
2081,2019-05-03 23:45:09,64.964
2082,2019-05-03 23:45:11,64.955
2083,2019-05-03 23:45:11,65.267
2084,2019-05-03 23:45:13,65.345
2085,2019-05-03 23:45:24,64.949
2086,2019-05-03 23:45:27,65.300
2087,2019-05-03 23:45:32,64.953
2088,2019-05-03 23:45:39,64.979
2089,2019-05-03 23:45:43,64.992
2090,2019-05-03 23:46:05,64.948
2091,2019-05-03 23:46:08,65.454
2092,2019-05-03 23:46:18,65.176
2093,2019-05-03 23:46:20,65.013
2094,2019-05-03 23:46:39,65.074
2095,2019-05-03 23:46:40,64.965
2096,2019-05-03 23:46:50,64.946
2097,2019-05-03 23:47:03,65.299
2098,2019-05-03 23:47:04,65.368
2099,2019-05-03 23:47:04,65.040
2100,2019-05-03 23:47:08,65.264
2101,2019-05-03 23:47:16,64.979
2102,2019-05-03 23:47:18,65.224
2103,2019-05-03 23:47:22,64.905
2104,2019-05-03 23:47:23,64.967
2105,2019-05-03 23:47:23,65.274
2106,2019-05-03 23:47:41,64.949
2107,2019-05-03 23:47:53,65.243
2108,2019-05-03 23:47:56,65.355
2109,2019-05-03 23:47:57,65.138
2110,2019-05-03 23:48:01,65.498
2111,2019-05-03 23:48:07,65.541
2112,2019-05-03 23:48:14,64.979
2113,2019-05-03 23:48:18,65.252
2114,2019-05-03 23:48:21,65.295
2115,2019-05-03 23:48:27,64.945
2116,2019-05-03 23:48:31,64.981
2117,2019-05-03 23:48:38,64.854
2118,2019-05-03 23:48:41,64.960
2119,2019-05-03 23:48:50,65.191
2120,2019-05-03 23:48:55,64.976
2121,2019-05-03 23:49:04,65.332
2122,2019-05-03 23:49:06,65.349
2123,2019-05-03 23:51:50,65.012
2124,2019-05-03 23:51:51,65.320
2125,2019-05-03 23:51:53,65.251
2126,2019-05-03 23:52:06,65.318
2127,2019-05-03 23:52:06,64.945
2128,2019-05-03 23:52:20,64.983
2129,2019-05-03 23:52:22,64.914
2130,2019-05-03 23:52:24,65.274
2131,2019-05-03 23:52:32,65.002
2132,2019-05-03 23:52:35,65.303
2133,2019-05-03 23:52:37,64.940
2134,2019-05-03 23:52:45,65.103
2135,2019-05-03 23:52:46,65.024
2136,2019-05-03 23:52:52,64.986
2137,2019-05-03 23:52:55,65.002
2138,2019-05-03 23:52:59,65.208
2139,2019-05-03 23:53:02,65.362
2140,2019-05-03 23:53:04,65.346
2141,2019-05-03 23:53:23,64.894
2142,2019-05-03 23:53:30,64.970
2143,2019-05-03 23:53:32,64.967
2144,2019-05-03 23:53:38,65.936
2145,2019-05-03 23:53:54,64.965
2146,2019-05-03 23:53:55,65.553
2147,2019-05-03 23:53:57,65.097
2148,2019-05-03 23:54:11,65.363
2149,2019-05-03 23:54:11,65.398
2150,2019-05-03 23:54:17,65.295
2151,2019-05-03 23:54:24,65.382
2152,2019-05-03 23:54:41,65.000
2153,2019-05-03 23:54:47,65.293
2154,2019-05-03 23:54:54,65.343
2155,2019-05-03 23:54:56,65.409
2156,2019-05-03 23:54:58,64.997
2157,2019-05-03 23:54:59,65.308
2158,2019-05-03 23:55:03,65.376
2159,2019-05-03 23:55:14,64.924
2160,2019-05-03 23:55:16,64.941
2161,2019-05-03 23:55:25,64.930
2162,2019-05-03 23:55:27,65.286
2163,2019-05-03 23:55:31,65.177
2164,2019-05-03 23:55:41,65.073
2165,2019-05-03 23:55:44,65.257
2166,2019-05-03 23:55:45,65.160
2167,2019-05-03 23:55:48,65.512
2168,2019-05-03 23:55:48,65.150
2169,2019-05-03 23:55:50,65.323
2170,2019-05-03 23:55:50,65.251
2171,2019-05-03 23:55:58,65.279
2172,2019-05-03 23:56:02,64.921
2173,2019-05-03 23:56:25,64.989
2174,2019-05-03 23:56:27,64.946
2175,2019-05-03 23:56:46,64.962
2176,2019-05-03 23:56:46,65.286
2177,2019-05-03 23:56:53,65.227
2178,2019-05-03 23:57:04,64.933
2179,2019-05-03 23:57:10,64.979
2180,2019-05-03 23:57:17,65.304
2181,2019-05-03 23:57:37,64.903
