2019-05-03 19:26:57,170.575,1
2019-05-03 19:27:20,170.032,6
2019-05-03 19:27:35,170.298,11
2019-05-03 19:27:36,170.086,12
2019-05-03 19:27:39,170.641,13
2019-05-03 19:27:48,170.141,14
2019-05-03 19:28:09,170.268,16
2019-05-03 19:28:23,170.244,17
2019-05-03 19:28:26,170.315,18
2019-05-03 19:28:27,170.43,19
2019-05-03 19:28:33,169.832,21
2019-05-03 19:28:38,170.159,23
2019-05-03 19:28:41,170.434,25
2019-05-03 19:29:15,170.622,27
2019-05-03 19:29:40,170.7,32
2019-05-03 19:29:52,170.331,34
2019-05-03 19:29:55,170.371,36
2019-05-03 19:30:07,170.456,37
2019-05-03 19:30:10,169.868,39
2019-05-03 19:30:25,170.034,42
2019-05-03 19:30:32,170.609,43
2019-05-03 19:30:42,170.598,45
2019-05-03 19:31:02,170.149,49
2019-05-03 19:31:12,170.011,51
2019-05-03 19:31:26,170.161,53
2019-05-03 19:31:41,170.423,56
2019-05-03 19:31:45,170.007,57
2019-05-03 19:31:51,169.932,59
2019-05-03 19:31:53,170.194,60
2019-05-03 19:31:54,170.319,61
2019-05-03 19:32:01,170.277,63
2019-05-03 19:32:02,170.604,64
2019-05-03 19:32:08,170.646,65
2019-05-03 19:32:32,170.183,66
2019-05-03 19:35:17,169.913,69
2019-05-03 19:35:29,170.194,73
2019-05-03 19:35:40,170.357,74
2019-05-03 19:35:50,170.414,76
2019-05-03 19:36:39,170.095,83
2019-05-03 19:37:06,170.591,86
2019-05-03 19:37:18,170.427,88
2019-05-03 19:37:25,169.874,90
2019-05-03 19:37:31,169.903,91
2019-05-03 19:37:40,170.359,92
2019-05-03 19:37:57,170.043,96
2019-05-03 19:38:22,170.347,97
2019-05-03 19:38:25,169.998,98
2019-05-03 19:38:33,170.48,99
2019-05-03 19:38:39,170.371,101
2019-05-03 19:38:43,169.875,103
2019-05-03 19:38:44,170.291,104
2019-05-03 19:39:05,170.176,105
2019-05-03 19:39:24,170.278,106
2019-05-03 19:39:38,170.188,110
2019-05-03 19:39:42,170.136,111
2019-05-03 19:40:00,170.344,114
2019-05-03 19:40:02,170.198,115
2019-05-03 19:40:09,170.015,116
2019-05-03 19:40:19,170.669,119
2019-05-03 19:40:22,170.15,120
2019-05-03 19:40:42,170.087,124
2019-05-03 19:40:43,170.296,125
2019-05-03 19:40:44,170.521,126
2019-05-03 19:41:01,170.479,128
2019-05-03 19:43:16,170.339,130
2019-05-03 19:43:25,169.899,135
2019-05-03 19:43:33,170.531,137
2019-05-03 19:43:35,170.644,138
2019-05-03 19:43:40,170.234,139
2019-05-03 19:43:40,170.619,140
2019-05-03 19:43:47,170.226,141
2019-05-03 19:44:00,170.0,144
2019-05-03 19:44:03,170.474,145
2019-05-03 19:44:07,169.942,146
2019-05-03 19:44:23,170.395,148
2019-05-03 19:44:25,170.624,149
2019-05-03 19:44:56,170.618,151
2019-05-03 19:45:12,170.535,153
2019-05-03 19:45:15,169.921,154
2019-05-03 19:45:17,169.921,155
2019-05-03 19:45:23,170.032,156
2019-05-03 19:45:26,169.908,157
2019-05-03 19:45:29,170.254,158
2019-05-03 19:45:38,169.983,159
2019-05-03 19:45:38,170.394,160
2019-05-03 19:45:46,170.172,161
2019-05-03 19:45:52,169.952,162
2019-05-03 19:45:53,170.42,163
2019-05-03 19:46:04,170.445,164
2019-05-03 19:46:04,170.196,165
2019-05-03 19:46:07,170.694,166
2019-05-03 19:46:40,170.186,170
2019-05-03 19:46:55,170.449,172
2019-05-03 19:47:18,170.48,174
2019-05-03 19:47:19,170.178,175
2019-05-03 19:47:22,170.858,176
2019-05-03 19:47:22,170.023,177
2019-05-03 19:47:25,170.384,178
2019-05-03 19:47:28,170.211,179
2019-05-03 19:47:30,170.245,180
2019-05-03 19:47:47,170.277,184
2019-05-03 19:47:52,170.207,187
2019-05-03 19:47:53,170.033,188
2019-05-03 19:48:04,170.336,190
2019-05-03 19:48:26,169.974,192
2019-05-03 19:48:34,169.9,196
2019-05-03 19:48:38,170.185,197
2019-05-03 19:48:59,170.207,201
2019-05-03 19:51:36,170.323,203
2019-05-03 19:51:43,170.268,204
2019-05-03 19:51:57,170.388,207
2019-05-03 19:52:12,170.658,210
2019-05-03 19:52:22,170.139,212
2019-05-03 19:52:34,170.163,214
2019-05-03 19:52:35,170.21,215
2019-05-03 19:52:39,170.376,216
2019-05-03 19:52:56,170.268,219
2019-05-03 19:53:05,170.141,220
2019-05-03 19:53:46,170.331,226
2019-05-03 19:53:54,170.401,227
2019-05-03 19:53:57,170.426,228
2019-05-03 19:54:01,170.7,229
2019-05-03 19:54:22,169.934,231
2019-05-03 19:54:30,170.359,233
2019-05-03 19:54:37,170.621,236
2019-05-03 19:55:21,170.285,242
2019-05-03 19:55:44,170.021,245
2019-05-03 19:56:20,170.222,249
2019-05-03 19:56:33,170.282,250
2019-05-03 19:57:21,170.391,259
2019-05-03 19:59:34,170.093,260
2019-05-03 19:59:35,170.235,261
2019-05-03 19:59:50,170.428,264
2019-05-03 19:59:55,170.329,266
2019-05-03 19:59:59,170.127,267
2019-05-03 20:00:02,170.322,269
2019-05-03 20:00:03,170.141,271
2019-05-03 20:00:04,169.517,272
2019-05-03 20:00:10,170.153,274
2019-05-03 20:00:13,170.407,275
2019-05-03 20:00:34,170.423,278
2019-05-03 20:00:43,170.69,282
2019-05-03 20:01:24,170.327,286
2019-05-03 20:01:25,169.891,287
2019-05-03 20:01:47,170.237,289
2019-05-03 20:01:51,170.115,290
2019-05-03 20:02:27,170.307,294
2019-05-03 20:02:41,170.096,299
2019-05-03 20:03:36,170.107,305
2019-05-03 20:03:56,170.363,308
2019-05-03 20:03:56,170.588,309
2019-05-03 20:04:01,170.503,311
2019-05-03 20:04:12,170.743,313
2019-05-03 20:04:18,170.28,314
2019-05-03 20:04:20,170.748,315
2019-05-03 20:04:21,170.094,316
2019-05-03 20:05:00,170.232,322
2019-05-03 20:07:24,170.636,325
2019-05-03 20:07:28,170.143,326
2019-05-03 20:07:43,170.456,331
2019-05-03 20:07:44,170.502,332
2019-05-03 20:07:51,170.311,333
2019-05-03 20:08:03,170.028,334
2019-05-03 20:08:04,170.344,335
2019-05-03 20:08:23,170.244,340
2019-05-03 20:09:09,170.03,346
2019-05-03 20:09:15,169.944,347
2019-05-03 20:09:16,170.839,348
2019-05-03 20:09:32,170.73,352
2019-05-03 20:09:41,170.667,353
2019-05-03 20:09:54,170.422,354
2019-05-03 20:10:04,170.445,356
2019-05-03 20:10:04,171.067,357
2019-05-03 20:10:12,170.498,358
2019-05-03 20:10:20,170.476,359
2019-05-03 20:10:36,170.324,360
2019-05-03 20:10:37,170.437,361
2019-05-03 20:10:39,170.993,362
2019-05-03 20:10:39,170.419,363
2019-05-03 20:10:44,170.463,365
2019-05-03 20:10:50,170.162,368
2019-05-03 20:11:12,170.768,371
2019-05-03 20:11:17,170.201,372
2019-05-03 20:11:20,170.656,374
2019-05-03 20:11:37,169.989,376
2019-05-03 20:11:55,170.735,378
2019-05-03 20:12:14,169.979,380
2019-05-03 20:12:21,170.377,382
2019-05-03 20:12:26,170.694,384
2019-05-03 20:12:29,169.862,385
2019-05-03 20:12:46,170.403,386
2019-05-03 20:15:02,169.894,388
2019-05-03 20:15:07,169.914,389
2019-05-03 20:15:08,170.003,390
2019-05-03 20:15:26,170.542,396
2019-05-03 20:15:32,169.879,398
2019-05-03 20:15:33,170.612,399
2019-05-03 20:16:33,170.164,403
2019-05-03 20:16:33,170.268,404
2019-05-03 20:16:49,170.039,407
2019-05-03 20:16:49,170.587,408
2019-05-03 20:16:57,170.44,410
2019-05-03 20:17:29,170.249,416
2019-05-03 20:17:53,170.652,418
2019-05-03 20:17:59,170.395,419
2019-05-03 20:18:08,170.271,422
2019-05-03 20:18:25,170.314,428
2019-05-03 20:18:29,169.885,429
2019-05-03 20:18:42,170.078,431
2019-05-03 20:19:03,170.02,434
2019-05-03 20:19:25,170.572,438
2019-05-03 20:19:35,170.083,441
2019-05-03 20:19:53,170.275,445
2019-05-03 20:20:14,170.817,449
2019-05-03 20:20:23,170.332,450
2019-05-03 20:23:27,170.224,454
2019-05-03 20:23:27,170.561,456
2019-05-03 20:23:57,170.291,460
2019-05-03 20:23:59,170.526,462
2019-05-03 20:24:28,169.855,467
2019-05-03 20:24:35,170.264,468
2019-05-03 20:24:43,169.94,469
2019-05-03 20:25:04,170.945,471
2019-05-03 20:25:34,170.239,473
2019-05-03 20:25:36,170.356,474
2019-05-03 20:25:54,170.396,476
2019-05-03 20:26:41,170.03,479
2019-05-03 20:26:55,170.696,480
2019-05-03 20:26:59,170.084,481
2019-05-03 20:27:35,170.021,487
2019-05-03 20:27:42,170.321,488
2019-05-03 20:28:14,170.642,492
2019-05-03 20:28:15,170.365,493
2019-05-03 20:28:18,170.077,495
2019-05-03 20:28:25,170.246,496
2019-05-03 20:28:29,170.238,498
2019-05-03 20:28:30,170.002,499
2019-05-03 20:28:58,170.286,502
2019-05-03 20:28:59,169.967,503
2019-05-03 20:29:12,170.249,505
2019-05-03 20:31:38,169.96,508
2019-05-03 20:31:43,170.1,509
2019-05-03 20:31:44,170.291,510
2019-05-03 20:31:45,170.386,511
2019-05-03 20:31:52,169.87,514
2019-05-03 20:32:07,170.54,518
2019-05-03 20:32:15,170.597,519
2019-05-03 20:32:37,170.437,521
2019-05-03 20:32:41,170.095,522
2019-05-03 20:32:43,170.383,523
2019-05-03 20:32:46,170.416,524
2019-05-03 20:33:01,170.188,525
2019-05-03 20:33:04,170.597,526
2019-05-03 20:33:17,170.251,528
2019-05-03 20:33:21,170.078,529
2019-05-03 20:33:22,170.254,530
2019-05-03 20:34:06,170.482,536
2019-05-03 20:34:10,170.341,538
2019-05-03 20:34:14,170.07,539
2019-05-03 20:34:26,169.974,544
2019-05-03 20:34:43,170.386,548
2019-05-03 20:34:57,170.548,549
2019-05-03 20:34:58,170.123,550
2019-05-03 20:35:09,170.129,551
2019-05-03 20:35:12,170.243,552
2019-05-03 20:35:19,170.048,554
2019-05-03 20:35:22,170.25,555
2019-05-03 20:35:28,170.24,558
2019-05-03 20:35:29,170.534,560
2019-05-03 20:35:50,170.438,563
2019-05-03 20:35:51,170.032,564
2019-05-03 20:36:23,170.537,572
2019-05-03 20:36:23,170.57,574
2019-05-03 20:36:34,170.452,575
2019-05-03 20:36:48,170.581,576
2019-05-03 20:36:56,169.917,578
2019-05-03 20:37:03,170.283,581
2019-05-03 20:37:25,170.54,582
2019-05-03 20:39:20,170.269,583
2019-05-03 20:39:41,170.275,588
2019-05-03 20:39:54,169.987,589
2019-05-03 20:39:59,170.024,590
2019-05-03 20:40:09,170.048,592
2019-05-03 20:40:16,169.949,593
2019-05-03 20:40:22,170.366,595
2019-05-03 20:40:39,170.995,597
2019-05-03 20:40:40,170.499,598
2019-05-03 20:40:43,170.26,599
2019-05-03 20:40:54,169.907,602
2019-05-03 20:41:03,170.208,604
2019-05-03 20:41:14,169.965,607
2019-05-03 20:41:32,170.454,610
2019-05-03 20:41:50,170.618,612
2019-05-03 20:41:58,170.351,613
2019-05-03 20:42:07,170.438,615
2019-05-03 20:42:18,170.139,616
2019-05-03 20:42:20,170.586,617
2019-05-03 20:42:23,170.737,618
2019-05-03 20:42:38,170.345,623
2019-05-03 20:42:46,170.17,624
2019-05-03 20:43:19,170.017,631
2019-05-03 20:43:51,170.281,637
2019-05-03 20:44:07,170.121,640
2019-05-03 20:47:19,170.493,646
2019-05-03 20:47:31,170.25,649
2019-05-03 20:47:32,170.66,650
2019-05-03 20:47:38,169.959,653
2019-05-03 20:47:43,170.0,654
2019-05-03 20:47:44,170.575,655
2019-05-03 20:48:07,170.342,657
2019-05-03 20:48:11,170.126,658
2019-05-03 20:48:13,170.185,659
2019-05-03 20:48:19,170.187,660
2019-05-03 20:48:34,170.168,662
2019-05-03 20:48:36,170.337,663
2019-05-03 20:48:39,170.097,664
2019-05-03 20:48:46,170.568,665
2019-05-03 20:49:13,170.202,671
2019-05-03 20:49:27,169.969,673
2019-05-03 20:49:31,170.26,674
2019-05-03 20:49:39,170.684,675
2019-05-03 20:50:01,169.976,677
2019-05-03 20:50:17,170.19,679
2019-05-03 20:50:22,169.977,681
2019-05-03 20:50:27,170.181,682
2019-05-03 20:50:34,170.183,684
2019-05-03 20:50:47,170.091,686
2019-05-03 20:51:11,170.162,689
2019-05-03 20:51:30,170.478,692
2019-05-03 20:51:35,170.497,693
2019-05-03 20:51:37,170.317,694
2019-05-03 20:51:44,170.669,695
2019-05-03 20:51:46,170.09,696
2019-05-03 20:51:47,170.542,697
2019-05-03 20:52:36,170.684,701
2019-05-03 20:52:37,169.88,702
2019-05-03 20:52:42,170.374,703
2019-05-03 20:52:46,170.301,704
2019-05-03 20:55:03,171.369,705
2019-05-03 20:55:07,170.146,708
2019-05-03 20:55:08,170.185,709
2019-05-03 20:55:18,170.112,712
2019-05-03 20:55:28,170.294,714
2019-05-03 20:55:28,170.4,715
2019-05-03 20:55:38,170.229,716
2019-05-03 20:55:42,170.445,717
2019-05-03 20:55:54,170.236,718
2019-05-03 20:56:07,170.418,720
2019-05-03 20:56:21,170.191,722
2019-05-03 20:56:24,169.854,724
2019-05-03 20:56:48,170.113,727
2019-05-03 20:57:11,170.044,731
2019-05-03 20:57:21,170.47,734
2019-05-03 20:57:28,170.125,736
2019-05-03 20:57:36,169.949,738
2019-05-03 20:57:41,170.076,739
2019-05-03 20:58:08,170.289,740
2019-05-03 20:58:11,170.542,741
2019-05-03 20:58:22,169.923,743
2019-05-03 20:58:46,170.295,744
2019-05-03 20:58:49,170.225,746
2019-05-03 20:59:03,170.799,748
2019-05-03 20:59:18,169.967,749
2019-05-03 20:59:23,170.442,751
2019-05-03 21:00:11,170.018,758
2019-05-03 21:00:19,169.986,760
2019-05-03 21:00:28,170.107,762
2019-05-03 21:00:44,170.405,763
2019-05-03 21:03:22,170.204,766
2019-05-03 21:03:22,170.778,767
2019-05-03 21:03:23,170.109,768
2019-05-03 21:03:27,169.919,770
2019-05-03 21:03:27,170.422,771
2019-05-03 21:03:32,170.337,773
2019-05-03 21:03:33,170.273,774
2019-05-03 21:03:38,170.105,775
2019-05-03 21:03:38,170.319,776
2019-05-03 21:03:43,171.324,778
2019-05-03 21:03:44,170.012,779
2019-05-03 21:03:48,170.113,780
2019-05-03 21:03:59,170.424,782
2019-05-03 21:04:00,170.527,783
2019-05-03 21:04:03,170.259,784
2019-05-03 21:04:12,169.973,785
2019-05-03 21:04:20,170.097,787
2019-05-03 21:04:37,170.257,789
2019-05-03 21:04:43,170.911,790
2019-05-03 21:04:47,170.066,791
2019-05-03 21:05:00,170.486,792
2019-05-03 21:05:00,170.726,793
2019-05-03 21:05:19,170.301,794
2019-05-03 21:05:27,170.253,796
2019-05-03 21:05:42,170.38,799
2019-05-03 21:05:46,169.996,800
2019-05-03 21:05:55,170.71,802
2019-05-03 21:06:01,169.977,803
2019-05-03 21:06:47,171.041,808
2019-05-03 21:06:50,169.861,809
2019-05-03 21:07:03,169.924,810
2019-05-03 21:07:25,170.212,814
2019-05-03 21:07:29,170.03,816
2019-05-03 21:07:31,170.315,817
2019-05-03 21:07:41,170.124,818
2019-05-03 21:07:43,169.882,819
2019-05-03 21:08:14,170.624,821
2019-05-03 21:08:24,170.262,822
2019-05-03 21:08:25,170.318,823
2019-05-03 21:08:28,170.656,824
2019-05-03 21:08:32,170.382,825
2019-05-03 21:08:44,170.345,826
2019-05-03 21:08:47,169.883,827
2019-05-03 21:11:23,170.515,834
2019-05-03 21:11:24,170.128,835
2019-05-03 21:11:25,170.421,836
2019-05-03 21:11:31,170.322,837
2019-05-03 21:11:32,170.302,838
2019-05-03 21:11:33,170.125,839
2019-05-03 21:11:48,170.087,844
2019-05-03 21:11:50,169.876,845
2019-05-03 21:11:52,170.247,846
2019-05-03 21:12:03,170.347,849
2019-05-03 21:12:07,170.188,850
2019-05-03 21:12:14,170.095,852
2019-05-03 21:12:17,170.576,853
2019-05-03 21:12:30,170.404,855
2019-05-03 21:12:35,170.366,856
2019-05-03 21:12:50,170.722,859
2019-05-03 21:13:18,170.656,862
2019-05-03 21:13:22,170.426,863
2019-05-03 21:13:25,170.065,865
2019-05-03 21:13:54,169.991,868
2019-05-03 21:14:12,170.226,869
2019-05-03 21:14:40,170.069,875
2019-05-03 21:14:51,169.927,877
2019-05-03 21:15:02,170.327,879
2019-05-03 21:15:07,170.356,880
2019-05-03 21:15:09,169.789,881
2019-05-03 21:15:15,169.982,883
2019-05-03 21:15:21,170.582,884
2019-05-03 21:15:23,170.51,885
2019-05-03 21:15:30,169.954,887
2019-05-03 21:15:35,170.552,888
2019-05-03 21:15:54,170.461,891
2019-05-03 21:15:59,170.276,892
2019-05-03 21:16:21,170.472,896
2019-05-03 21:16:49,170.112,901
2019-05-03 21:16:56,170.679,903
2019-05-03 21:19:03,170.22,906
2019-05-03 21:19:05,170.309,909
2019-05-03 21:19:16,170.136,915
2019-05-03 21:19:19,170.508,917
2019-05-03 21:19:22,170.257,918
2019-05-03 21:19:27,170.448,920
2019-05-03 21:19:33,170.215,922
2019-05-03 21:19:33,170.31,923
2019-05-03 21:19:36,170.661,925
2019-05-03 21:19:37,170.247,926
2019-05-03 21:19:39,170.429,927
2019-05-03 21:19:40,170.203,928
2019-05-03 21:19:56,170.463,931
2019-05-03 21:20:06,170.58,933
2019-05-03 21:20:10,170.526,935
2019-05-03 21:20:11,170.838,936
2019-05-03 21:20:23,170.064,939
2019-05-03 21:20:29,170.341,940
2019-05-03 21:20:32,170.308,941
2019-05-03 21:20:37,170.311,943
2019-05-03 21:20:47,170.652,945
2019-05-03 21:21:09,170.41,946
2019-05-03 21:21:23,170.416,949
2019-05-03 21:21:56,170.069,953
2019-05-03 21:21:58,170.63,954
2019-05-03 21:22:01,170.35,955
2019-05-03 21:22:15,170.745,956
2019-05-03 21:22:20,170.195,957
2019-05-03 21:22:20,170.682,958
2019-05-03 21:23:29,170.032,964
2019-05-03 21:23:46,170.253,965
2019-05-03 21:24:06,170.413,967
2019-05-03 21:24:24,170.326,969
2019-05-03 21:26:52,170.383,975
2019-05-03 21:26:53,170.034,976
2019-05-03 21:26:59,170.716,977
2019-05-03 21:27:00,169.984,978
2019-05-03 21:27:17,170.331,980
2019-05-03 21:27:26,170.313,981
2019-05-03 21:27:27,169.923,982
2019-05-03 21:27:29,169.875,983
2019-05-03 21:27:35,170.492,984
2019-05-03 21:27:55,170.377,987
2019-05-03 21:27:59,170.326,988
2019-05-03 21:28:05,170.195,989
2019-05-03 21:28:08,169.883,990
2019-05-03 21:28:08,170.349,991
2019-05-03 21:28:12,170.545,993
2019-05-03 21:28:15,170.574,995
2019-05-03 21:28:24,169.966,996
2019-05-03 21:28:24,169.937,997
2019-05-03 21:28:34,170.233,999
2019-05-03 21:28:56,170.441,1001
2019-05-03 21:28:57,170.088,1002
2019-05-03 21:29:06,169.617,1003
2019-05-03 21:29:20,170.422,1004
2019-05-03 21:29:28,170.433,1007
2019-05-03 21:29:34,170.329,1008
2019-05-03 21:30:18,170.464,1010
2019-05-03 21:30:28,170.044,1011
2019-05-03 21:30:35,170.646,1013
2019-05-03 21:30:41,170.538,1014
2019-05-03 21:30:58,170.616,1016
2019-05-03 21:31:09,170.476,1018
2019-05-03 21:31:13,170.003,1020
2019-05-03 21:31:13,170.665,1021
2019-05-03 21:31:15,170.383,1022
2019-05-03 21:31:18,170.2,1024
2019-05-03 21:31:20,170.013,1026
2019-05-03 21:31:35,170.274,1029
2019-05-03 21:31:46,169.962,1031
2019-05-03 21:31:52,170.278,1032
2019-05-03 21:32:00,170.248,1033
2019-05-03 21:32:12,170.694,1034
2019-05-03 21:32:27,169.919,1035
2019-05-03 21:32:29,169.891,1037
2019-05-03 21:34:55,170.322,1038
2019-05-03 21:34:58,170.234,1040
2019-05-03 21:35:01,170.516,1041
2019-05-03 21:35:02,169.955,1042
2019-05-03 21:35:03,169.988,1044
2019-05-03 21:35:09,170.316,1046
2019-05-03 21:35:15,170.032,1048
2019-05-03 21:35:19,170.485,1051
2019-05-03 21:35:23,170.337,1053
2019-05-03 21:35:24,170.424,1054
2019-05-03 21:35:30,170.326,1055
2019-05-03 21:35:58,170.262,1057
2019-05-03 21:36:09,170.258,1059
2019-05-03 21:36:10,170.141,1060
2019-05-03 21:36:10,170.384,1061
2019-05-03 21:36:37,170.521,1064
2019-05-03 21:36:40,170.072,1065
2019-05-03 21:36:53,170.029,1066
2019-05-03 21:36:55,170.44,1067
2019-05-03 21:37:03,170.464,1069
2019-05-03 21:37:08,170.257,1070
2019-05-03 21:37:35,170.277,1073
2019-05-03 21:38:06,170.227,1078
2019-05-03 21:38:29,170.116,1081
2019-05-03 21:38:36,170.414,1085
2019-05-03 21:38:49,170.267,1088
2019-05-03 21:38:58,170.345,1089
2019-05-03 21:39:03,170.367,1090
2019-05-03 21:39:11,170.356,1091
2019-05-03 21:39:35,170.72,1094
2019-05-03 21:39:43,170.326,1095
2019-05-03 21:39:51,170.121,1098
2019-05-03 21:40:03,170.199,1101
2019-05-03 21:40:36,170.609,1104
2019-05-03 21:42:54,170.357,1110
2019-05-03 21:43:11,170.787,1111
2019-05-03 21:43:17,170.329,1113
2019-05-03 21:43:22,169.876,1114
2019-05-03 21:43:24,170.497,1115
2019-05-03 21:43:38,170.292,1118
2019-05-03 21:43:40,170.239,1121
2019-05-03 21:44:13,170.264,1126
2019-05-03 21:44:21,170.195,1127
2019-05-03 21:44:22,170.698,1128
2019-05-03 21:44:29,170.054,1129
2019-05-03 21:44:37,169.959,1130
2019-05-03 21:44:43,170.208,1132
2019-05-03 21:44:43,169.985,1133
2019-05-03 21:45:07,170.656,1136
2019-05-03 21:45:10,169.925,1137
2019-05-03 21:45:11,169.92,1138
2019-05-03 21:45:15,170.16,1139
2019-05-03 21:45:16,170.597,1140
2019-05-03 21:45:44,170.456,1142
2019-05-03 21:46:07,170.174,1146
2019-05-03 21:46:09,170.171,1147
2019-05-03 21:46:20,169.962,1150
2019-05-03 21:46:25,170.59,1151
2019-05-03 21:46:37,170.409,1153
2019-05-03 21:47:04,170.335,1155
2019-05-03 21:47:09,170.218,1156
2019-05-03 21:47:16,170.619,1161
2019-05-03 21:47:43,170.52,1164
2019-05-03 21:48:06,170.376,1166
2019-05-03 21:48:16,170.103,1167
2019-05-03 21:50:48,170.167,1168
2019-05-03 21:50:49,170.425,1169
2019-05-03 21:51:00,170.268,1174
2019-05-03 21:51:01,170.302,1175
2019-05-03 21:51:19,170.245,1181
2019-05-03 21:51:19,169.927,1182
2019-05-03 21:51:25,170.574,1183
2019-05-03 21:51:46,170.665,1187
2019-05-03 21:52:06,170.253,1190
2019-05-03 21:52:17,169.965,1192
2019-05-03 21:52:21,170.329,1193
2019-05-03 21:52:29,170.245,1197
2019-05-03 21:52:46,170.185,1199
2019-05-03 21:52:49,170.159,1200
2019-05-03 21:52:56,170.369,1203
2019-05-03 21:53:34,170.072,1206
2019-05-03 21:53:40,170.173,1209
2019-05-03 21:53:50,170.149,1212
2019-05-03 21:53:51,170.426,1213
2019-05-03 21:53:59,169.947,1214
2019-05-03 21:54:02,170.465,1215
2019-05-03 21:54:11,170.123,1216
2019-05-03 21:54:20,170.477,1217
2019-05-03 21:54:27,170.281,1218
2019-05-03 21:54:40,169.894,1221
2019-05-03 21:54:55,169.983,1224
2019-05-03 21:55:24,170.3,1227
2019-05-03 21:55:46,170.265,1233
2019-05-03 21:55:47,170.848,1234
2019-05-03 21:56:02,170.321,1236
2019-05-03 21:58:43,169.816,1245
2019-05-03 21:58:46,170.257,1248
2019-05-03 21:58:48,170.067,1249
2019-05-03 21:58:49,170.377,1250
2019-05-03 21:58:55,170.039,1252
2019-05-03 21:58:57,170.38,1254
2019-05-03 21:59:02,169.979,1256
2019-05-03 21:59:25,170.819,1258
2019-05-03 21:59:33,170.688,1259
2019-05-03 21:59:41,170.561,1261
2019-05-03 21:59:48,170.123,1263
2019-05-03 21:59:57,170.055,1264
2019-05-03 22:00:01,170.107,1265
2019-05-03 22:00:15,170.278,1270
2019-05-03 22:01:09,170.278,1273
2019-05-03 22:01:09,170.188,1274
2019-05-03 22:01:33,170.359,1278
2019-05-03 22:01:37,170.499,1280
2019-05-03 22:01:44,170.069,1282
2019-05-03 22:01:46,170.526,1283
2019-05-03 22:01:56,170.659,1286
2019-05-03 22:02:29,170.17,1291
2019-05-03 22:02:45,170.524,1294
2019-05-03 22:02:58,170.005,1296
2019-05-03 22:03:00,170.168,1297
2019-05-03 22:03:03,170.401,1298
2019-05-03 22:03:18,170.229,1301
2019-05-03 22:03:19,169.953,1302
2019-05-03 22:03:22,170.282,1303
2019-05-03 22:03:28,170.472,1304
2019-05-03 22:03:37,170.542,1305
2019-05-03 22:03:51,169.975,1307
2019-05-03 22:03:59,170.503,1310
2019-05-03 22:04:00,170.609,1311
2019-05-03 22:04:01,170.792,1312
2019-05-03 22:04:09,170.327,1314
2019-05-03 22:04:18,170.655,1316
2019-05-03 22:06:39,170.202,1317
2019-05-03 22:06:40,170.579,1318
2019-05-03 22:06:46,170.018,1320
2019-05-03 22:06:47,170.215,1321
2019-05-03 22:06:48,170.03,1322
2019-05-03 22:06:50,170.423,1323
2019-05-03 22:06:51,170.328,1324
2019-05-03 22:06:54,170.539,1325
2019-05-03 22:07:08,170.03,1329
2019-05-03 22:07:13,169.598,1330
2019-05-03 22:07:27,170.219,1334
2019-05-03 22:07:36,170.291,1335
2019-05-03 22:07:56,170.418,1339
2019-05-03 22:07:58,170.247,1340
2019-05-03 22:08:04,170.122,1342
2019-05-03 22:08:12,170.573,1345
2019-05-03 22:08:51,169.972,1351
2019-05-03 22:09:09,170.117,1355
2019-05-03 22:09:52,170.586,1358
2019-05-03 22:09:54,170.376,1359
2019-05-03 22:10:34,170.543,1362
2019-05-03 22:11:13,169.955,1365
2019-05-03 22:11:16,170.481,1366
2019-05-03 22:11:17,170.349,1367
2019-05-03 22:11:25,170.622,1368
2019-05-03 22:12:00,169.872,1375
2019-05-03 22:12:08,170.122,1376
2019-05-03 22:12:18,170.296,1378
2019-05-03 22:12:22,170.192,1379
2019-05-03 22:12:25,170.085,1381
2019-05-03 22:14:36,170.419,1382
2019-05-03 22:14:46,170.195,1385
2019-05-03 22:15:00,170.5,1388
2019-05-03 22:15:06,170.65,1390
2019-05-03 22:15:16,170.356,1393
2019-05-03 22:15:16,170.444,1394
2019-05-03 22:15:26,170.322,1396
2019-05-03 22:15:30,170.664,1397
2019-05-03 22:15:30,170.056,1398
2019-05-03 22:15:31,170.296,1399
2019-05-03 22:16:01,170.025,1402
2019-05-03 22:16:03,170.13,1403
2019-05-03 22:16:13,170.273,1404
2019-05-03 22:16:24,170.095,1405
2019-05-03 22:16:35,170.446,1409
2019-05-03 22:16:39,169.919,1411
2019-05-03 22:17:06,169.894,1415
2019-05-03 22:17:09,170.589,1416
2019-05-03 22:17:18,170.272,1417
2019-05-03 22:17:21,170.613,1419
2019-05-03 22:17:22,170.164,1420
2019-05-03 22:17:23,170.257,1421
2019-05-03 22:17:24,170.315,1422
2019-05-03 22:17:47,170.3,1424
2019-05-03 22:17:58,169.851,1427
2019-05-03 22:18:25,170.314,1435
2019-05-03 22:18:37,170.089,1437
2019-05-03 22:18:38,170.19,1438
2019-05-03 22:18:38,169.854,1439
2019-05-03 22:18:44,170.172,1440
2019-05-03 22:18:48,170.396,1441
2019-05-03 22:18:48,170.283,1442
2019-05-03 22:18:48,170.188,1443
2019-05-03 22:18:52,170.095,1444
2019-05-03 22:19:08,170.043,1445
2019-05-03 22:19:16,170.09,1446
2019-05-03 22:19:26,170.499,1448
2019-05-03 22:19:58,170.613,1452
2019-05-03 22:20:03,170.623,1453
2019-05-03 22:20:04,170.428,1454
2019-05-03 22:20:07,170.293,1456
2019-05-03 22:20:13,170.44,1460
2019-05-03 22:20:20,170.38,1463
2019-05-03 22:22:52,170.422,1465
2019-05-03 22:22:54,169.951,1466
2019-05-03 22:23:06,170.201,1470
2019-05-03 22:23:07,170.424,1471
2019-05-03 22:23:13,170.736,1473
2019-05-03 22:23:15,169.781,1475
2019-05-03 22:23:22,170.151,1476
2019-05-03 22:23:44,177.097,1479
2019-05-03 22:24:24,170.257,1485
2019-05-03 22:24:42,170.458,1486
2019-05-03 22:24:43,170.399,1487
2019-05-03 22:24:47,170.025,1488
2019-05-03 22:24:49,170.593,1489
2019-05-03 22:24:54,170.275,1490
2019-05-03 22:25:02,170.2,1491
2019-05-03 22:25:22,170.412,1493
2019-05-03 22:25:47,170.034,1495
2019-05-03 22:26:05,169.904,1499
2019-05-03 22:26:21,170.324,1502
2019-05-03 22:26:35,169.95,1504
2019-05-03 22:26:43,170.483,1507
2019-05-03 22:26:52,170.006,1509
2019-05-03 22:26:54,169.971,1510
2019-05-03 22:26:58,170.231,1513
2019-05-03 22:27:10,170.414,1515
2019-05-03 22:27:30,170.981,1518
2019-05-03 22:27:32,170.48,1519
2019-05-03 22:27:48,170.352,1522
2019-05-03 22:28:09,170.189,1525
2019-05-03 22:28:13,170.313,1527
2019-05-03 22:28:19,169.961,1529
2019-05-03 22:28:21,170.234,1532
2019-05-03 22:30:32,169.964,1536
2019-05-03 22:30:36,170.102,1537
2019-05-03 22:30:40,170.115,1538
2019-05-03 22:30:41,170.071,1539
2019-05-03 22:30:59,170.188,1542
2019-05-03 22:31:00,170.745,1543
2019-05-03 22:31:12,170.782,1544
2019-05-03 22:31:17,169.933,1546
2019-05-03 22:31:18,170.329,1547
2019-05-03 22:31:47,169.941,1550
2019-05-03 22:32:36,169.892,1555
2019-05-03 22:32:59,170.096,1559
2019-05-03 22:33:00,170.319,1560
2019-05-03 22:33:16,176.829,1561
2019-05-03 22:33:35,170.435,1563
2019-05-03 22:33:38,170.303,1564
2019-05-03 22:33:44,170.308,1565
2019-05-03 22:34:00,170.041,1567
2019-05-03 22:34:08,169.89,1571
2019-05-03 22:34:12,170.286,1573
2019-05-03 22:34:13,170.233,1574
2019-05-03 22:34:26,170.287,1576
2019-05-03 22:34:28,170.035,1577
2019-05-03 22:34:33,170.136,1579
2019-05-03 22:34:35,170.525,1580
2019-05-03 22:34:36,170.368,1581
2019-05-03 22:34:40,169.88,1582
2019-05-03 22:35:05,170.577,1585
2019-05-03 22:35:06,170.33,1586
2019-05-03 22:35:25,170.575,1588
2019-05-03 22:35:36,170.446,1589
2019-05-03 22:35:44,170.356,1593
2019-05-03 22:35:49,170.272,1594
2019-05-03 22:35:58,170.407,1595
2019-05-03 22:36:06,170.236,1597
2019-05-03 22:36:12,169.981,1599
2019-05-03 22:36:15,170.178,1600
2019-05-03 22:38:39,169.924,1602
2019-05-03 22:38:43,170.341,1603
2019-05-03 22:39:00,170.005,1606
2019-05-03 22:39:03,169.93,1608
2019-05-03 22:39:08,169.916,1609
2019-05-03 22:39:23,169.985,1611
2019-05-03 22:39:29,170.539,1612
2019-05-03 22:39:31,170.743,1613
2019-05-03 22:40:17,169.876,1621
2019-05-03 22:40:17,170.091,1622
2019-05-03 22:41:00,170.308,1630
2019-05-03 22:41:13,170.317,1633
2019-05-03 22:41:17,170.036,1635
2019-05-03 22:41:28,170.015,1640
2019-05-03 22:41:43,170.579,1641
2019-05-03 22:41:47,170.457,1642
2019-05-03 22:41:48,169.965,1643
2019-05-03 22:42:37,170.293,1649
2019-05-03 22:43:15,169.947,1657
2019-05-03 22:43:18,169.895,1658
2019-05-03 22:43:23,170.475,1659
2019-05-03 22:43:33,170.39,1663
2019-05-03 22:43:37,170.673,1664
2019-05-03 22:43:40,170.087,1665
2019-05-03 22:43:44,170.528,1666
2019-05-03 22:43:44,170.396,1667
2019-05-03 22:43:50,170.02,1668
2019-05-03 22:44:00,169.992,1670
2019-05-03 22:44:14,169.849,1673
2019-05-03 22:44:17,170.546,1674
2019-05-03 22:44:18,170.506,1675
2019-05-03 22:46:42,169.919,1677
2019-05-03 22:46:44,170.07,1678
2019-05-03 22:46:44,170.575,1679
2019-05-03 22:46:59,169.953,1682
2019-05-03 22:47:00,169.964,1683
2019-05-03 22:47:11,170.075,1686
2019-05-03 22:47:12,169.841,1687
2019-05-03 22:47:17,170.438,1688
2019-05-03 22:47:29,170.211,1690
2019-05-03 22:47:44,170.413,1694
2019-05-03 22:47:46,169.934,1696
2019-05-03 22:47:52,170.403,1697
2019-05-03 22:47:54,170.188,1698
2019-05-03 22:47:58,169.916,1700
2019-05-03 22:48:23,170.113,1701
2019-05-03 22:48:45,170.068,1704
2019-05-03 22:48:53,170.007,1705
2019-05-03 22:49:31,170.263,1713
2019-05-03 22:49:32,169.931,1714
2019-05-03 22:49:39,169.848,1715
2019-05-03 22:49:50,170.297,1717
2019-05-03 22:49:55,170.454,1718
2019-05-03 22:50:03,170.579,1719
2019-05-03 22:50:07,170.516,1721
2019-05-03 22:50:07,170.555,1722
2019-05-03 22:50:18,170.581,1723
2019-05-03 22:50:22,170.285,1724
2019-05-03 22:50:27,169.882,1725
2019-05-03 22:50:29,169.87,1727
2019-05-03 22:50:38,170.48,1730
2019-05-03 22:50:41,169.933,1731
2019-05-03 22:51:02,170.698,1736
2019-05-03 22:51:16,170.579,1738
2019-05-03 22:51:41,169.994,1740
2019-05-03 22:51:55,170.14,1743
2019-05-03 22:52:01,170.616,1745
2019-05-03 22:52:12,170.01,1747
2019-05-03 22:52:17,170.211,1748
2019-05-03 22:54:52,170.272,1751
2019-05-03 22:55:02,170.679,1755
2019-05-03 22:55:09,170.295,1757
2019-05-03 22:55:14,170.516,1758
2019-05-03 22:55:17,170.604,1759
2019-05-03 22:55:22,170.324,1760
2019-05-03 22:55:45,170.417,1762
2019-05-03 22:56:12,170.289,1765
2019-05-03 22:56:15,170.603,1766
2019-05-03 22:56:20,170.843,1767
2019-05-03 22:56:32,170.328,1768
2019-05-03 22:56:48,170.33,1771
2019-05-03 22:56:52,170.493,1772
2019-05-03 22:56:57,170.201,1775
2019-05-03 22:56:59,170.645,1777
2019-05-03 22:57:07,170.393,1779
2019-05-03 22:57:10,170.718,1780
2019-05-03 22:57:35,170.019,1784
2019-05-03 22:57:45,170.253,1785
2019-05-03 22:58:29,170.372,1788
2019-05-03 22:58:30,170.381,1789
2019-05-03 22:58:50,170.065,1791
2019-05-03 22:59:05,170.504,1792
2019-05-03 22:59:08,170.351,1793
2019-05-03 22:59:21,169.961,1794
2019-05-03 22:59:51,170.432,1799
2019-05-03 22:59:59,170.544,1800
2019-05-03 23:00:05,170.291,1802
2019-05-03 23:00:09,170.171,1804
2019-05-03 23:00:18,170.169,1806
2019-05-03 23:00:19,170.285,1807
2019-05-03 23:00:25,170.354,1809
2019-05-03 23:02:51,169.856,1816
2019-05-03 23:03:01,170.257,1817
2019-05-03 23:03:14,170.765,1820
2019-05-03 23:03:18,170.078,1821
2019-05-03 23:03:22,170.482,1823
2019-05-03 23:03:28,170.381,1824
2019-05-03 23:03:30,170.565,1825
2019-05-03 23:03:32,169.807,1826
2019-05-03 23:03:33,170.321,1827
2019-05-03 23:03:45,170.23,1829
2019-05-03 23:04:23,170.027,1832
2019-05-03 23:04:36,170.458,1835
2019-05-03 23:04:48,170.381,1839
2019-05-03 23:04:49,170.474,1840
2019-05-03 23:04:53,170.229,1841
2019-05-03 23:05:10,170.202,1843
2019-05-03 23:05:37,170.115,1847
2019-05-03 23:05:41,170.093,1848
2019-05-03 23:05:48,170.603,1850
2019-05-03 23:05:49,169.981,1851
2019-05-03 23:05:58,170.288,1853
2019-05-03 23:06:06,170.296,1855
2019-05-03 23:06:16,170.793,1857
2019-05-03 23:06:21,170.117,1858
2019-05-03 23:06:25,170.642,1859
2019-05-03 23:07:15,169.991,1865
2019-05-03 23:07:22,170.28,1866
2019-05-03 23:07:41,170.207,1868
2019-05-03 23:08:04,170.159,1870
2019-05-03 23:08:11,170.389,1871
2019-05-03 23:10:21,170.271,1872
2019-05-03 23:10:25,170.167,1874
2019-05-03 23:10:30,170.059,1876
2019-05-03 23:10:31,170.253,1877
2019-05-03 23:10:52,170.442,1883
2019-05-03 23:10:52,170.141,1884
2019-05-03 23:10:54,170.709,1885
2019-05-03 23:11:57,170.34,1895
2019-05-03 23:12:23,170.407,1899
2019-05-03 23:12:24,170.544,1900
2019-05-03 23:12:25,169.903,1901
2019-05-03 23:12:33,170.674,1902
2019-05-03 23:12:49,170.254,1903
2019-05-03 23:12:52,170.461,1905
2019-05-03 23:12:55,170.583,1906
2019-05-03 23:12:59,170.304,1908
2019-05-03 23:13:09,169.9,1909
2019-05-03 23:13:44,170.07,1914
2019-05-03 23:13:44,169.954,1915
2019-05-03 23:13:46,170.205,1916
2019-05-03 23:13:58,170.285,1917
2019-05-03 23:14:14,171.783,1919
2019-05-03 23:14:26,170.265,1921
2019-05-03 23:14:48,170.005,1923
2019-05-03 23:14:56,169.959,1924
2019-05-03 23:15:06,170.645,1925
2019-05-03 23:15:20,170.193,1926
2019-05-03 23:15:58,170.205,1932
2019-05-03 23:16:04,170.066,1934
2019-05-03 23:18:13,170.487,1936
2019-05-03 23:18:15,170.424,1938
2019-05-03 23:18:19,170.171,1939
2019-05-03 23:18:22,169.954,1941
2019-05-03 23:18:23,170.387,1942
2019-05-03 23:18:28,170.126,1943
2019-05-03 23:18:30,170.181,1944
2019-05-03 23:18:41,170.185,1946
2019-05-03 23:18:43,170.207,1947
2019-05-03 23:18:43,170.452,1948
2019-05-03 23:19:09,170.315,1952
2019-05-03 23:19:39,170.203,1959
2019-05-03 23:19:56,170.467,1963
2019-05-03 23:20:07,169.91,1966
2019-05-03 23:20:13,170.323,1967
2019-05-03 23:20:20,169.909,1969
2019-05-03 23:20:31,170.498,1970
2019-05-03 23:20:53,170.324,1973
2019-05-03 23:21:03,170.506,1974
2019-05-03 23:21:16,169.807,1975
2019-05-03 23:21:24,170.567,1976
2019-05-03 23:21:27,170.428,1977
2019-05-03 23:22:14,170.003,1984
2019-05-03 23:22:39,170.521,1989
2019-05-03 23:22:46,169.942,1991
2019-05-03 23:22:51,170.431,1992
2019-05-03 23:22:56,170.265,1993
2019-05-03 23:23:17,170.162,1995
2019-05-03 23:23:53,170.548,1999
2019-05-03 23:23:57,169.959,2000
2019-05-03 23:26:21,170.355,2001
2019-05-03 23:26:21,170.595,2002
2019-05-03 23:26:23,170.616,2003
2019-05-03 23:26:34,170.534,2005
2019-05-03 23:26:44,169.929,2007
2019-05-03 23:26:51,170.071,2009
2019-05-03 23:26:59,170.395,2010
2019-05-03 23:27:18,170.402,2014
2019-05-03 23:27:19,170.468,2015
2019-05-03 23:27:25,170.238,2016
2019-05-03 23:27:30,170.709,2017
2019-05-03 23:28:00,169.966,2019
2019-05-03 23:28:13,170.341,2022
2019-05-03 23:28:23,170.581,2023
2019-05-03 23:28:23,170.374,2024
2019-05-03 23:28:29,170.168,2025
2019-05-03 23:28:30,170.107,2026
2019-05-03 23:28:59,170.347,2031
2019-05-03 23:29:02,170.528,2032
2019-05-03 23:29:03,169.962,2033
2019-05-03 23:29:29,170.383,2035
2019-05-03 23:29:39,170.248,2038
2019-05-03 23:29:43,170.116,2039
2019-05-03 23:29:43,170.462,2040
2019-05-03 23:29:58,169.915,2042
2019-05-03 23:30:02,170.266,2043
2019-05-03 23:30:23,170.39,2047
2019-05-03 23:30:38,169.947,2053
2019-05-03 23:30:40,170.592,2054
2019-05-03 23:30:46,170.287,2055
2019-05-03 23:30:50,169.992,2056
2019-05-03 23:30:58,169.959,2057
2019-05-03 23:31:07,170.641,2058
2019-05-03 23:31:15,170.559,2059
2019-05-03 23:31:23,170.17,2060
2019-05-03 23:31:24,170.38,2061
2019-05-03 23:31:39,170.055,2064
2019-05-03 23:31:53,170.126,2066
2019-05-03 23:35:00,170.571,2068
2019-05-03 23:35:03,170.623,2070
2019-05-03 23:35:03,170.414,2071
2019-05-03 23:35:05,170.593,2072
2019-05-03 23:35:06,170.44,2073
2019-05-03 23:35:06,170.649,2074
2019-05-03 23:35:13,170.211,2076
2019-05-03 23:35:19,169.953,2078
2019-05-03 23:35:19,170.499,2079
2019-05-03 23:35:23,169.966,2080
2019-05-03 23:35:23,170.695,2081
2019-05-03 23:35:29,170.242,2082
2019-05-03 23:35:35,170.707,2083
2019-05-03 23:36:03,170.47,2085
2019-05-03 23:36:21,170.042,2088
2019-05-03 23:36:33,170.321,2089
2019-05-03 23:36:35,169.988,2090
2019-05-03 23:36:38,170.034,2093
2019-05-03 23:36:44,169.883,2094
2019-05-03 23:36:59,170.046,2096
2019-05-03 23:37:04,170.116,2097
2019-05-03 23:37:08,170.468,2098
2019-05-03 23:37:09,170.719,2099
2019-05-03 23:37:10,170.577,2100
2019-05-03 23:37:27,170.245,2105
2019-05-03 23:37:39,170.462,2109
2019-05-03 23:37:50,170.236,2113
2019-05-03 23:38:00,170.74,2118
2019-05-03 23:38:19,170.072,2121
2019-05-03 23:38:28,170.243,2123
2019-05-03 23:38:42,170.256,2126
2019-05-03 23:38:56,170.528,2129
2019-05-03 23:38:58,170.035,2130
2019-05-03 23:39:29,170.441,2131
2019-05-03 23:39:29,170.294,2132
2019-05-03 23:39:31,170.438,2133
2019-05-03 23:39:42,170.648,2135
2019-05-03 23:39:43,170.52,2136
2019-05-03 23:39:48,170.3,2137
2019-05-03 23:39:50,170.075,2138
2019-05-03 23:39:52,170.237,2139
2019-05-03 23:40:16,170.696,2141
2019-05-03 23:40:16,170.358,2142
2019-05-03 23:40:27,169.91,2145
2019-05-03 23:40:40,170.356,2151
2019-05-03 23:43:20,170.002,2152
2019-05-03 23:43:20,170.349,2153
2019-05-03 23:43:24,170.614,2155
2019-05-03 23:43:47,169.908,2160
2019-05-03 23:44:02,170.061,2161
2019-05-03 23:44:03,170.393,2162
2019-05-03 23:44:21,169.907,2163
2019-05-03 23:44:48,170.471,2165
2019-05-03 23:44:55,170.405,2166
2019-05-03 23:44:57,170.366,2167
2019-05-03 23:45:04,170.346,2168
2019-05-03 23:45:17,170.381,2173
2019-05-03 23:45:20,170.474,2174
2019-05-03 23:45:22,170.285,2175
2019-05-03 23:45:44,170.5,2179
2019-05-03 23:46:05,170.249,2186
2019-05-03 23:46:08,170.373,2187
2019-05-03 23:46:31,170.525,2191
2019-05-03 23:46:34,170.308,2192
2019-05-03 23:46:41,170.559,2193
2019-05-03 23:46:56,170.194,2196
2019-05-03 23:47:02,170.294,2199
2019-05-03 23:47:17,169.86,2201
2019-05-03 23:47:34,170.208,2202
2019-05-03 23:47:35,170.005,2203
2019-05-03 23:47:48,170.016,2208
2019-05-03 23:47:57,169.945,2211
2019-05-03 23:47:58,170.453,2212
2019-05-03 23:48:07,170.373,2215
2019-05-03 23:48:09,170.281,2216
2019-05-03 23:48:26,171.193,2218
2019-05-03 23:48:33,169.866,2219
2019-05-03 23:48:35,170.261,2220
2019-05-03 23:51:52,170.007,2225
2019-05-03 23:51:58,170.174,2227
2019-05-03 23:52:13,170.507,2231
2019-05-03 23:52:14,170.588,2232
2019-05-03 23:52:29,170.245,2234
2019-05-03 23:52:35,170.29,2235
2019-05-03 23:52:38,170.193,2237
2019-05-03 23:52:41,170.544,2239
2019-05-03 23:52:46,170.65,2242
2019-05-03 23:53:08,169.955,2243
2019-05-03 23:53:28,170.472,2247
2019-05-03 23:53:33,170.573,2249
2019-05-03 23:53:35,169.994,2250
2019-05-03 23:53:40,170.508,2251
2019-05-03 23:53:46,170.206,2253
2019-05-03 23:54:01,170.243,2257
2019-05-03 23:54:29,170.516,2262
2019-05-03 23:54:50,170.137,2266
2019-05-03 23:54:51,170.246,2267
2019-05-03 23:54:55,169.924,2268
2019-05-03 23:55:02,170.474,2270
2019-05-03 23:55:18,170.104,2272
2019-05-03 23:55:40,170.631,2275
2019-05-03 23:55:51,169.998,2277
2019-05-03 23:56:13,170.15,2282
2019-05-03 23:56:13,170.332,2283
2019-05-03 23:56:38,170.271,2286
2019-05-03 23:56:41,170.06,2287
2019-05-03 23:56:56,170.582,2290
2019-05-03 23:57:08,170.052,2291
2019-05-03 23:57:15,170.406,2292
2019-05-03 23:57:18,170.568,2293
