0,2019-03-23 00:01:58,95.293
1,2019-03-23 00:02:02,87.035
2,2019-03-23 00:02:04,99.774
3,2019-03-23 00:02:08,83.343
4,2019-03-23 00:02:09,85.249
5,2019-03-23 00:02:10,100.813
6,2019-03-23 00:02:12,102.159
7,2019-03-23 00:02:15,81.632
8,2019-03-23 00:02:18,87.668
9,2019-03-23 00:02:23,83.248
10,2019-03-23 00:02:28,97.716
11,2019-03-23 00:02:30,87.567
12,2019-03-23 00:02:31,100.898
13,2019-03-23 00:02:33,87.379
14,2019-03-23 00:02:33,86.831
15,2019-03-23 00:02:43,81.623
16,2019-03-23 00:02:44,85.041
17,2019-03-23 00:02:49,85.783
18,2019-03-23 00:02:50,85.958
19,2019-03-23 00:02:55,83.316
20,2019-03-23 00:03:02,98.349
21,2019-03-23 00:03:07,88.589
22,2019-03-23 00:03:24,97.592
23,2019-03-23 00:03:31,98.442
24,2019-03-23 00:03:41,100.309
25,2019-03-23 00:03:45,84.407
26,2019-03-23 00:04:02,86.756
27,2019-03-23 00:04:03,82.817
28,2019-03-23 00:04:05,101.895
29,2019-03-23 00:04:06,84.339
30,2019-03-23 00:04:07,84.362
31,2019-03-23 00:04:16,86.164
32,2019-03-23 00:04:19,85.629
33,2019-03-23 00:04:25,99.35
34,2019-03-23 00:04:29,83.464
35,2019-03-23 00:04:30,99.753
36,2019-03-23 00:04:32,97.316
37,2019-03-23 00:04:45,94.765
38,2019-03-23 00:04:56,85.154
39,2019-03-23 00:04:58,86.536
40,2019-03-23 00:05:01,82.348
41,2019-03-23 00:05:01,85.074
42,2019-03-23 00:05:03,83.519
43,2019-03-23 00:05:09,100.941
44,2019-03-23 00:05:19,88.736
45,2019-03-23 00:05:20,97.315
46,2019-03-23 00:05:21,95.039
47,2019-03-23 00:05:31,96.291
48,2019-03-23 00:05:35,85.568
49,2019-03-23 00:05:38,99.384
50,2019-03-23 00:05:48,82.393
51,2019-03-23 00:05:50,83.144
52,2019-03-23 00:05:52,98.659
53,2019-03-23 00:05:53,94.516
54,2019-03-23 00:06:04,89.031
55,2019-03-23 00:06:07,98.106
56,2019-03-23 00:06:10,85.605
57,2019-03-23 00:06:13,99.253
58,2019-03-23 00:06:24,87.547
59,2019-03-23 00:06:28,94.997
60,2019-03-23 00:06:41,86.057
61,2019-03-23 00:06:42,99.806
62,2019-03-23 00:06:50,99.297
63,2019-03-23 00:06:52,100.603
64,2019-03-23 00:06:56,95.134
65,2019-03-23 00:06:56,98.039
66,2019-03-23 00:06:56,81.933
67,2019-03-23 00:06:58,96.746
68,2019-03-23 00:07:01,87.005
69,2019-03-23 00:07:04,95.902
70,2019-03-23 00:07:09,81.495
71,2019-03-23 00:07:17,101.758
72,2019-03-23 00:07:20,98.802
73,2019-03-23 00:07:20,86.71
74,2019-03-23 00:07:21,99.482
75,2019-03-23 00:09:16,89.326
76,2019-03-23 00:09:20,84.968
77,2019-03-23 00:09:20,96.537
78,2019-03-23 00:09:20,94.885
79,2019-03-23 00:09:20,83.357
80,2019-03-23 00:09:31,84.967
81,2019-03-23 00:09:31,101.162
82,2019-03-23 00:09:32,100.259
83,2019-03-23 00:09:32,98.906
84,2019-03-23 00:09:33,95.005
85,2019-03-23 00:09:34,86.569
86,2019-03-23 00:09:37,100.325
87,2019-03-23 00:09:43,86.952
88,2019-03-23 00:09:45,84.918
89,2019-03-23 00:09:48,99.502
90,2019-03-23 00:09:50,94.991
91,2019-03-23 00:09:53,95.082
92,2019-03-23 00:09:53,83.375
93,2019-03-23 00:09:56,100.529
94,2019-03-23 00:09:58,82.551
95,2019-03-23 00:10:00,83.805
96,2019-03-23 00:10:04,89.257
97,2019-03-23 00:10:06,98.73
98,2019-03-23 00:10:08,96.318
99,2019-03-23 00:10:08,100.63
100,2019-03-23 00:10:20,100.678
101,2019-03-23 00:10:41,84.604
102,2019-03-23 00:10:46,81.78
103,2019-03-23 00:10:56,87.517
104,2019-03-23 00:10:58,99.397
105,2019-03-23 00:11:03,84.866
106,2019-03-23 00:11:05,82.393
107,2019-03-23 00:11:10,83.13
108,2019-03-23 00:11:13,98.864
109,2019-03-23 00:11:15,98.498
110,2019-03-23 00:11:17,97.561
111,2019-03-23 00:11:20,89.198
112,2019-03-23 00:11:20,95.782
113,2019-03-23 00:11:23,97.104
114,2019-03-23 00:11:30,87.831
115,2019-03-23 00:11:32,89.506
116,2019-03-23 00:11:33,97.342
117,2019-03-23 00:11:46,84.189
118,2019-03-23 00:11:48,102.201
119,2019-03-23 00:11:51,97.75
120,2019-03-23 00:11:57,102.165
121,2019-03-23 00:12:06,88.931
122,2019-03-23 00:12:08,94.59
123,2019-03-23 00:12:10,98.287
124,2019-03-23 00:12:20,88.309
125,2019-03-23 00:12:24,82.452
126,2019-03-23 00:12:24,95.704
127,2019-03-23 00:12:26,83.714
128,2019-03-23 00:12:27,95.301
129,2019-03-23 00:12:30,94.527
130,2019-03-23 00:12:33,87.857
131,2019-03-23 00:12:38,99.173
132,2019-03-23 00:12:50,100.533
133,2019-03-23 00:12:53,100.99
134,2019-03-23 00:12:54,96.895
135,2019-03-23 00:12:58,96.204
136,2019-03-23 00:13:23,88.904
137,2019-03-23 00:13:25,88.95
138,2019-03-23 00:13:26,88.211
139,2019-03-23 00:13:29,83.973
140,2019-03-23 00:13:36,82.933
141,2019-03-23 00:13:39,87.804
142,2019-03-23 00:13:44,83.376
143,2019-03-23 00:13:51,99.994
144,2019-03-23 00:14:09,84.563
145,2019-03-23 00:14:09,85.115
146,2019-03-23 00:14:11,85.047
147,2019-03-23 00:14:15,88.24
148,2019-03-23 00:14:16,83.585
149,2019-03-23 00:14:19,101.316
150,2019-03-23 00:14:26,99.413
151,2019-03-23 00:14:28,87.784
152,2019-03-23 00:14:29,99.056
153,2019-03-23 00:14:32,86.989
154,2019-03-23 00:14:32,82.626
155,2019-03-23 00:14:35,83.095
156,2019-03-23 00:14:43,95.108
157,2019-03-23 00:14:45,100.029
158,2019-03-23 00:17:09,88.04
159,2019-03-23 00:17:10,97.656
160,2019-03-23 00:17:12,87.807
161,2019-03-23 00:17:16,101.36
162,2019-03-23 00:17:23,83.79
163,2019-03-23 00:17:23,95.986
164,2019-03-23 00:17:24,89.441
165,2019-03-23 00:17:32,95.784
166,2019-03-23 00:17:33,96.242
167,2019-03-23 00:17:35,81.681
168,2019-03-23 00:17:42,100.057
169,2019-03-23 00:17:49,86.484
170,2019-03-23 00:17:49,89.281
171,2019-03-23 00:17:54,87.737
172,2019-03-23 00:17:59,95.285
173,2019-03-23 00:18:00,98.917
174,2019-03-23 00:18:12,101.385
175,2019-03-23 00:18:20,83.101
176,2019-03-23 00:18:26,95.74
177,2019-03-23 00:18:35,86.457
178,2019-03-23 00:18:43,97.032
179,2019-03-23 00:18:47,102.147
180,2019-03-23 00:18:51,101.897
181,2019-03-23 00:18:52,83.768
182,2019-03-23 00:18:59,96.493
183,2019-03-23 00:19:02,99.952
184,2019-03-23 00:19:03,87.424
185,2019-03-23 00:19:06,97.268
186,2019-03-23 00:19:17,88.526
187,2019-03-23 00:19:25,99.63
188,2019-03-23 00:19:31,98.213
189,2019-03-23 00:19:43,84.563
190,2019-03-23 00:19:43,84.575
191,2019-03-23 00:19:45,83.488
192,2019-03-23 00:19:48,99.701
193,2019-03-23 00:19:48,95.118
194,2019-03-23 00:19:51,98.974
195,2019-03-23 00:19:52,99.361
196,2019-03-23 00:19:55,87.903
197,2019-03-23 00:19:57,100.202
198,2019-03-23 00:19:59,89.319
199,2019-03-23 00:20:01,84.766
200,2019-03-23 00:20:03,95.192
201,2019-03-23 00:20:15,83.169
202,2019-03-23 00:20:18,101.99
203,2019-03-23 00:20:21,87.371
204,2019-03-23 00:20:30,85.741
205,2019-03-23 00:20:41,81.816
206,2019-03-23 00:20:47,83.386
207,2019-03-23 00:20:48,96.8
208,2019-03-23 00:20:54,97.872
209,2019-03-23 00:20:59,94.518
210,2019-03-23 00:21:01,94.411
211,2019-03-23 00:21:22,83.042
212,2019-03-23 00:21:23,82.572
213,2019-03-23 00:21:30,99.437
214,2019-03-23 00:21:40,81.691
215,2019-03-23 00:21:50,99.69
216,2019-03-23 00:21:58,85.711
217,2019-03-23 00:21:58,86.416
218,2019-03-23 00:22:03,99.023
219,2019-03-23 00:22:11,81.793
220,2019-03-23 00:22:14,99.544
221,2019-03-23 00:22:23,99.009
222,2019-03-23 00:22:29,82.849
223,2019-03-23 00:22:30,86.8
224,2019-03-23 00:24:35,84.059
225,2019-03-23 00:24:35,96.181
226,2019-03-23 00:24:38,81.734
227,2019-03-23 00:24:41,88.808
228,2019-03-23 00:24:42,89.133
229,2019-03-23 00:24:43,101.362
230,2019-03-23 00:24:44,88.745
231,2019-03-23 00:24:47,86.429
232,2019-03-23 00:24:48,85.872
233,2019-03-23 00:24:49,95.812
234,2019-03-23 00:24:56,85.076
235,2019-03-23 00:24:59,88.598
236,2019-03-23 00:25:00,95.423
237,2019-03-23 00:25:00,86.034
238,2019-03-23 00:25:02,83.623
239,2019-03-23 00:25:02,87.252
240,2019-03-23 00:25:03,96.876
241,2019-03-23 00:25:06,87.038
242,2019-03-23 00:25:07,82.955
243,2019-03-23 00:25:14,97.246
244,2019-03-23 00:25:18,95.049
245,2019-03-23 00:25:19,82.552
246,2019-03-23 00:25:21,97.718
247,2019-03-23 00:25:23,85.138
248,2019-03-23 00:25:27,98.926
249,2019-03-23 00:25:29,101.071
250,2019-03-23 00:25:40,82.485
251,2019-03-23 00:25:46,81.764
252,2019-03-23 00:25:51,84.343
253,2019-03-23 00:26:05,94.473
254,2019-03-23 00:26:13,97.102
255,2019-03-23 00:26:21,99.561
256,2019-03-23 00:26:28,95.871
257,2019-03-23 00:26:28,82.338
258,2019-03-23 00:26:29,86.194
259,2019-03-23 00:26:30,87.528
260,2019-03-23 00:26:30,95.403
261,2019-03-23 00:26:31,99.868
262,2019-03-23 00:26:39,94.383
263,2019-03-23 00:26:41,87.489
264,2019-03-23 00:26:50,89.384
265,2019-03-23 00:26:53,83.42
266,2019-03-23 00:26:55,96.889
267,2019-03-23 00:26:58,96.426
268,2019-03-23 00:27:00,96.304
269,2019-03-23 00:27:08,84.327
270,2019-03-23 00:27:13,99.698
271,2019-03-23 00:27:18,96.554
272,2019-03-23 00:27:21,98.342
273,2019-03-23 00:27:24,89.171
274,2019-03-23 00:27:26,100.784
275,2019-03-23 00:27:40,99.615
276,2019-03-23 00:27:54,95.367
277,2019-03-23 00:27:59,96.662
278,2019-03-23 00:28:04,87.608
279,2019-03-23 00:28:08,83.199
280,2019-03-23 00:28:09,97.099
281,2019-03-23 00:28:11,96.516
282,2019-03-23 00:28:15,87.945
283,2019-03-23 00:28:17,101.753
284,2019-03-23 00:28:18,86.784
285,2019-03-23 00:28:23,97.672
286,2019-03-23 00:28:24,86.909
287,2019-03-23 00:28:26,89.047
288,2019-03-23 00:28:40,83.784
289,2019-03-23 00:28:41,100.472
290,2019-03-23 00:28:50,86.809
291,2019-03-23 00:28:51,88.428
292,2019-03-23 00:29:01,88.448
293,2019-03-23 00:29:03,95.506
294,2019-03-23 00:29:03,96.369
295,2019-03-23 00:29:09,99.167
296,2019-03-23 00:29:15,101.26
297,2019-03-23 00:29:16,87.969
298,2019-03-23 00:29:23,94.575
299,2019-03-23 00:29:24,85.682
300,2019-03-23 00:29:27,96.043
301,2019-03-23 00:29:35,96.527
302,2019-03-23 00:29:39,97.654
303,2019-03-23 00:29:49,99.599
304,2019-03-23 00:29:55,96.432
305,2019-03-23 00:29:58,101.798
306,2019-03-23 00:29:59,87.596
307,2019-03-23 00:32:35,97.522
308,2019-03-23 00:32:36,94.295
309,2019-03-23 00:32:46,84.396
310,2019-03-23 00:32:49,100.784
311,2019-03-23 00:32:54,82.342
312,2019-03-23 00:32:57,84.401
313,2019-03-23 00:32:58,99.821
314,2019-03-23 00:33:04,87.635
315,2019-03-23 00:33:08,88.777
316,2019-03-23 00:33:13,92.005
317,2019-03-23 00:33:21,82.372
318,2019-03-23 00:33:25,83.511
319,2019-03-23 00:33:34,86.611
320,2019-03-23 00:33:35,87.608
321,2019-03-23 00:33:40,83.318
322,2019-03-23 00:34:03,82.711
323,2019-03-23 00:34:04,87.015
324,2019-03-23 00:34:12,85.822
325,2019-03-23 00:34:15,82.977
326,2019-03-23 00:34:19,83.841
327,2019-03-23 00:34:19,100.183
328,2019-03-23 00:34:22,89.296
329,2019-03-23 00:34:22,85.425
330,2019-03-23 00:34:24,87.344
331,2019-03-23 00:34:34,83.774
332,2019-03-23 00:34:34,95.119
333,2019-03-23 00:34:39,86.6
334,2019-03-23 00:34:43,81.614
335,2019-03-23 00:34:44,89.034
336,2019-03-23 00:34:50,88.935
337,2019-03-23 00:34:54,86.28
338,2019-03-23 00:34:55,89.352
339,2019-03-23 00:34:56,83.299
340,2019-03-23 00:34:57,83.616
341,2019-03-23 00:34:58,86.748
342,2019-03-23 00:35:02,82.467
343,2019-03-23 00:35:03,96.603
344,2019-03-23 00:35:06,84.022
345,2019-03-23 00:35:08,83.218
346,2019-03-23 00:35:09,98.953
347,2019-03-23 00:35:10,82.834
348,2019-03-23 00:35:11,86.252
349,2019-03-23 00:35:20,84.418
350,2019-03-23 00:35:24,97.655
351,2019-03-23 00:35:28,100.859
352,2019-03-23 00:35:33,101.601
353,2019-03-23 00:35:36,85.745
354,2019-03-23 00:35:42,101.923
355,2019-03-23 00:35:44,81.585
356,2019-03-23 00:35:44,102.058
357,2019-03-23 00:35:46,97.194
358,2019-03-23 00:35:55,89.346
359,2019-03-23 00:35:56,99.652
360,2019-03-23 00:35:59,95.208
361,2019-03-23 00:36:01,85.205
362,2019-03-23 00:36:03,98.468
363,2019-03-23 00:36:07,97.204
364,2019-03-23 00:36:08,83.243
365,2019-03-23 00:36:10,98.601
366,2019-03-23 00:36:13,94.881
367,2019-03-23 00:36:13,96.191
368,2019-03-23 00:36:20,88.716
369,2019-03-23 00:36:27,95.544
370,2019-03-23 00:36:46,98.576
371,2019-03-23 00:36:51,101.667
372,2019-03-23 00:37:06,97.203
373,2019-03-23 00:37:07,84.679
374,2019-03-23 00:37:16,84.58
375,2019-03-23 00:37:31,88.781
376,2019-03-23 00:37:45,84.24
377,2019-03-23 00:37:47,97.447
378,2019-03-23 00:37:53,88.889
379,2019-03-23 00:37:53,82.589
380,2019-03-23 00:39:54,97.856
381,2019-03-23 00:39:55,89.042
382,2019-03-23 00:39:55,95.206
383,2019-03-23 00:39:56,89.322
384,2019-03-23 00:39:57,99.705
385,2019-03-23 00:40:06,83.496
386,2019-03-23 00:40:09,89.37
387,2019-03-23 00:40:10,96.244
388,2019-03-23 00:40:11,82.886
389,2019-03-23 00:40:13,98.079
390,2019-03-23 00:40:17,88.07
391,2019-03-23 00:40:21,100.524
392,2019-03-23 00:40:23,86.329
393,2019-03-23 00:40:26,101.814
394,2019-03-23 00:40:39,87.586
395,2019-03-23 00:40:42,83.067
396,2019-03-23 00:40:45,84.847
397,2019-03-23 00:40:48,99.87
398,2019-03-23 00:40:57,87.854
399,2019-03-23 00:41:00,101.247
400,2019-03-23 00:41:06,94.775
401,2019-03-23 00:41:11,83.367
402,2019-03-23 00:41:15,88.885
403,2019-03-23 00:41:18,95.941
404,2019-03-23 00:41:23,83.613
405,2019-03-23 00:41:26,100.992
406,2019-03-23 00:41:27,82.905
407,2019-03-23 00:41:32,88.467
408,2019-03-23 00:41:33,97.446
409,2019-03-23 00:41:40,86.975
410,2019-03-23 00:41:46,97.442
411,2019-03-23 00:41:49,99.132
412,2019-03-23 00:42:01,100.781
413,2019-03-23 00:42:02,94.24
414,2019-03-23 00:42:20,97.031
415,2019-03-23 00:42:21,96.936
416,2019-03-23 00:42:29,95.946
417,2019-03-23 00:42:34,96.821
418,2019-03-23 00:42:35,86.101
419,2019-03-23 00:42:36,94.435
420,2019-03-23 00:42:38,82.764
421,2019-03-23 00:42:53,88.853
422,2019-03-23 00:42:56,97.452
423,2019-03-23 00:43:00,100.462
424,2019-03-23 00:43:04,85.737
425,2019-03-23 00:43:09,84.1
426,2019-03-23 00:43:17,88.743
427,2019-03-23 00:43:43,96.346
428,2019-03-23 00:43:45,98.306
429,2019-03-23 00:43:47,81.934
430,2019-03-23 00:43:47,83.812
431,2019-03-23 00:43:47,83.544
432,2019-03-23 00:43:53,99.998
433,2019-03-23 00:43:57,81.822
434,2019-03-23 00:43:57,101.65
435,2019-03-23 00:43:57,84.085
436,2019-03-23 00:44:08,98.148
437,2019-03-23 00:44:09,87.843
438,2019-03-23 00:44:18,96.565
439,2019-03-23 00:44:21,89.394
440,2019-03-23 00:44:26,87.09
441,2019-03-23 00:44:28,88.34
442,2019-03-23 00:44:29,88.422
443,2019-03-23 00:44:31,86.04
444,2019-03-23 00:44:31,95.861
445,2019-03-23 00:44:33,89.49
446,2019-03-23 00:44:40,101.615
447,2019-03-23 00:44:43,97.254
448,2019-03-23 00:44:44,85.653
449,2019-03-23 00:44:44,99.304
450,2019-03-23 00:44:44,99.224
451,2019-03-23 00:44:48,94.591
452,2019-03-23 00:44:49,86.581
453,2019-03-23 00:44:51,97.896
454,2019-03-23 00:44:54,95.205
455,2019-03-23 00:45:02,84.04
456,2019-03-23 00:45:03,83.917
457,2019-03-23 00:45:12,86.217
458,2019-03-23 00:45:17,101.722
459,2019-03-23 00:47:25,95.082
460,2019-03-23 00:47:26,83.515
461,2019-03-23 00:47:26,96.759
462,2019-03-23 00:47:27,100.945
463,2019-03-23 00:47:29,94.308
464,2019-03-23 00:47:30,82.611
465,2019-03-23 00:47:32,95.847
466,2019-03-23 00:47:35,101.869
467,2019-03-23 00:47:36,85.64
468,2019-03-23 00:47:36,83.593
469,2019-03-23 00:47:38,97.396
470,2019-03-23 00:47:39,96.662
471,2019-03-23 00:47:41,95.991
472,2019-03-23 00:47:41,86.043
473,2019-03-23 00:47:42,96.223
474,2019-03-23 00:47:44,101.883
475,2019-03-23 00:47:47,95.073
476,2019-03-23 00:47:47,89.392
477,2019-03-23 00:47:47,89.135
478,2019-03-23 00:47:50,96.452
479,2019-03-23 00:47:56,86.948
480,2019-03-23 00:47:57,81.918
481,2019-03-23 00:47:59,96.415
482,2019-03-23 00:48:06,86.412
483,2019-03-23 00:48:10,86.65
484,2019-03-23 00:48:15,87.326
485,2019-03-23 00:48:27,99.221
486,2019-03-23 00:48:47,97.396
487,2019-03-23 00:48:49,87.654
488,2019-03-23 00:48:50,85.356
489,2019-03-23 00:48:50,83.013
490,2019-03-23 00:49:05,86.291
491,2019-03-23 00:49:08,99.093
492,2019-03-23 00:49:09,99.82
493,2019-03-23 00:49:13,84.422
494,2019-03-23 00:49:17,96.372
495,2019-03-23 00:49:22,97.087
496,2019-03-23 00:49:27,88.414
497,2019-03-23 00:49:30,85.73
498,2019-03-23 00:49:30,99.484
499,2019-03-23 00:49:32,98.999
500,2019-03-23 00:49:37,88.744
501,2019-03-23 00:49:40,88.294
502,2019-03-23 00:49:41,87.286
503,2019-03-23 00:49:48,82.634
504,2019-03-23 00:49:51,82.287
505,2019-03-23 00:49:56,85.324
506,2019-03-23 00:49:56,87.255
507,2019-03-23 00:49:59,82.874
508,2019-03-23 00:50:12,95.72
509,2019-03-23 00:50:13,100.015
510,2019-03-23 00:50:17,95.106
511,2019-03-23 00:50:18,85.234
512,2019-03-23 00:50:27,95.688
513,2019-03-23 00:50:33,88.275
514,2019-03-23 00:50:40,95.417
515,2019-03-23 00:50:43,88.914
516,2019-03-23 00:50:44,99.101
517,2019-03-23 00:50:58,100.653
518,2019-03-23 00:51:00,96.888
519,2019-03-23 00:51:06,99.114
520,2019-03-23 00:51:17,83.445
521,2019-03-23 00:51:22,96.305
522,2019-03-23 00:51:26,97.657
523,2019-03-23 00:51:28,85.677
524,2019-03-23 00:51:30,101.547
525,2019-03-23 00:51:48,98.227
526,2019-03-23 00:52:04,84.745
527,2019-03-23 00:52:16,102.167
528,2019-03-23 00:52:23,81.553
529,2019-03-23 00:52:32,85.028
530,2019-03-23 00:52:43,97.283
531,2019-03-23 00:52:44,96.262
532,2019-03-23 00:52:45,96.992
533,2019-03-23 00:52:50,100.216
534,2019-03-23 00:55:12,97.578
535,2019-03-23 00:55:13,97.767
536,2019-03-23 00:55:14,99.301
537,2019-03-23 00:55:15,96.742
538,2019-03-23 00:55:16,99.219
539,2019-03-23 00:55:18,96.556
540,2019-03-23 00:55:20,100.671
541,2019-03-23 00:55:22,84.778
542,2019-03-23 00:55:23,96.405
543,2019-03-23 00:55:24,99.871
544,2019-03-23 00:55:24,83.769
545,2019-03-23 00:55:27,88.824
546,2019-03-23 00:55:30,85.867
547,2019-03-23 00:55:32,82.286
548,2019-03-23 00:55:35,101.643
549,2019-03-23 00:55:40,86.782
550,2019-03-23 00:55:43,99.931
551,2019-03-23 00:55:45,97.675
552,2019-03-23 00:55:55,95.544
553,2019-03-23 00:55:59,100.937
554,2019-03-23 00:56:02,86.476
555,2019-03-23 00:56:06,88.413
556,2019-03-23 00:56:07,101.225
557,2019-03-23 00:56:07,97.628
558,2019-03-23 00:56:09,85.764
559,2019-03-23 00:56:10,99.618
560,2019-03-23 00:56:11,101.307
561,2019-03-23 00:56:18,85.54
562,2019-03-23 00:56:19,83.185
563,2019-03-23 00:56:26,94.588
564,2019-03-23 00:56:29,88.022
565,2019-03-23 00:56:31,89.385
566,2019-03-23 00:56:48,82.321
567,2019-03-23 00:56:48,84.293
568,2019-03-23 00:56:54,101.09
569,2019-03-23 00:56:54,87.224
570,2019-03-23 00:57:04,83.669
571,2019-03-23 00:57:07,101.01
572,2019-03-23 00:57:08,94.408
573,2019-03-23 00:57:16,96.88
574,2019-03-23 00:57:30,82.65
575,2019-03-23 00:57:43,86.519
576,2019-03-23 00:57:45,97.663
577,2019-03-23 00:57:46,85.421
578,2019-03-23 00:57:53,84.487
579,2019-03-23 00:57:55,98.22
580,2019-03-23 00:58:01,101.33
581,2019-03-23 00:58:07,84.463
582,2019-03-23 00:58:13,85.228
583,2019-03-23 00:58:14,84.538
584,2019-03-23 00:58:22,85.291
585,2019-03-23 00:58:22,89.208
586,2019-03-23 00:58:22,99.433
587,2019-03-23 00:58:30,95.557
588,2019-03-23 00:58:32,101.405
589,2019-03-23 00:58:33,88.934
590,2019-03-23 00:58:34,97.047
591,2019-03-23 00:58:34,100.953
592,2019-03-23 00:58:35,101.383
593,2019-03-23 00:58:47,95.301
594,2019-03-23 00:58:49,86.323
595,2019-03-23 00:58:50,84.766
596,2019-03-23 00:58:51,82.617
597,2019-03-23 00:58:56,86.954
598,2019-03-23 00:59:02,96.624
599,2019-03-23 00:59:03,95.429
600,2019-03-23 00:59:11,94.966
601,2019-03-23 00:59:12,88.612
602,2019-03-23 00:59:14,84.404
603,2019-03-23 00:59:15,98.439
604,2019-03-23 00:59:20,83.28
605,2019-03-23 00:59:21,83.009
606,2019-03-23 00:59:39,83.139
607,2019-03-23 00:59:53,96.615
608,2019-03-23 01:00:05,82.123
609,2019-03-23 01:00:10,84.703
610,2019-03-23 01:00:14,96.645
611,2019-03-23 01:00:15,99.961
612,2019-03-23 01:00:16,85.671
613,2019-03-23 01:00:19,101.417
614,2019-03-23 01:00:24,86.611
615,2019-03-23 01:00:25,97.674
616,2019-03-23 01:03:21,97.902
617,2019-03-23 01:03:22,81.473
618,2019-03-23 01:03:22,88.082
619,2019-03-23 01:03:28,88.681
620,2019-03-23 01:03:28,87.065
621,2019-03-23 01:03:29,94.455
622,2019-03-23 01:03:31,98.581
623,2019-03-23 01:03:31,88.001
624,2019-03-23 01:03:32,100.243
625,2019-03-23 01:03:32,81.909
626,2019-03-23 01:03:33,86.077
627,2019-03-23 01:03:35,86.896
628,2019-03-23 01:03:36,97.398
629,2019-03-23 01:03:37,85.194
630,2019-03-23 01:03:39,85.088
631,2019-03-23 01:03:39,94.332
632,2019-03-23 01:03:40,84.843
633,2019-03-23 01:03:50,86.82
634,2019-03-23 01:04:04,86.261
635,2019-03-23 01:04:14,88.729
636,2019-03-23 01:04:17,97.754
637,2019-03-23 01:04:34,99.639
638,2019-03-23 01:04:37,85.046
639,2019-03-23 01:04:38,98.454
640,2019-03-23 01:04:55,96.334
641,2019-03-23 01:04:57,81.719
642,2019-03-23 01:05:03,102.019
643,2019-03-23 01:05:04,96.165
644,2019-03-23 01:05:06,88.461
645,2019-03-23 01:05:08,97.796
646,2019-03-23 01:05:09,96.819
647,2019-03-23 01:05:21,83.581
648,2019-03-23 01:05:24,87.006
649,2019-03-23 01:05:30,81.58
650,2019-03-23 01:05:34,96.644
651,2019-03-23 01:05:34,95.076
652,2019-03-23 01:05:38,94.241
653,2019-03-23 01:05:39,85.581
654,2019-03-23 01:05:39,86.469
655,2019-03-23 01:05:42,95.673
656,2019-03-23 01:05:52,95.003
657,2019-03-23 01:06:05,94.746
658,2019-03-23 01:06:12,101.602
659,2019-03-23 01:06:15,95.841
660,2019-03-23 01:06:20,98.573
661,2019-03-23 01:06:31,82.272
662,2019-03-23 01:06:31,100.168
663,2019-03-23 01:06:42,88.585
664,2019-03-23 01:06:46,85.365
665,2019-03-23 01:06:48,83.521
666,2019-03-23 01:06:55,96.56
667,2019-03-23 01:06:57,98.357
668,2019-03-23 01:07:05,96.615
669,2019-03-23 01:07:08,86.198
670,2019-03-23 01:07:17,100.542
671,2019-03-23 01:07:21,99.344
672,2019-03-23 01:07:25,99.067
673,2019-03-23 01:07:26,85.028
674,2019-03-23 01:07:28,86.131
675,2019-03-23 01:07:32,83.552
676,2019-03-23 01:07:33,95.001
677,2019-03-23 01:07:39,86.181
678,2019-03-23 01:07:45,95.756
679,2019-03-23 01:07:45,96.934
680,2019-03-23 01:07:57,83.503
681,2019-03-23 01:07:59,94.756
682,2019-03-23 01:08:01,86.27
683,2019-03-23 01:08:09,99.011
684,2019-03-23 01:08:11,99.374
685,2019-03-23 01:08:15,84.565
686,2019-03-23 01:08:16,99.15
687,2019-03-23 01:08:18,83.708
688,2019-03-23 01:08:20,86.722
689,2019-03-23 01:08:21,94.688
690,2019-03-23 01:08:27,85.671
691,2019-03-23 01:08:27,99.667
692,2019-03-23 01:08:32,89.116
693,2019-03-23 01:08:39,101.643
694,2019-03-23 01:08:40,89.127
695,2019-03-23 01:08:41,95.392
696,2019-03-23 01:08:45,96.046
697,2019-03-23 01:08:48,85.888
698,2019-03-23 01:08:49,99.529
699,2019-03-23 01:10:58,85.487
700,2019-03-23 01:10:59,86.639
701,2019-03-23 01:10:59,94.922
702,2019-03-23 01:11:01,100.507
703,2019-03-23 01:11:01,102.297
704,2019-03-23 01:11:02,82.248
705,2019-03-23 01:11:04,96.581
706,2019-03-23 01:11:05,94.233
707,2019-03-23 01:11:09,96.719
708,2019-03-23 01:11:10,85.551
709,2019-03-23 01:11:11,85.221
710,2019-03-23 01:11:11,100.937
711,2019-03-23 01:11:11,89.096
712,2019-03-23 01:11:15,98.469
713,2019-03-23 01:11:16,99.481
714,2019-03-23 01:11:18,87.443
715,2019-03-23 01:11:23,94.522
716,2019-03-23 01:11:26,86.6
717,2019-03-23 01:11:27,99.734
718,2019-03-23 01:11:31,83.237
719,2019-03-23 01:11:33,83.273
720,2019-03-23 01:11:35,82.198
721,2019-03-23 01:11:40,98.24
722,2019-03-23 01:11:44,88.653
723,2019-03-23 01:11:45,84.648
724,2019-03-23 01:11:46,94.151
725,2019-03-23 01:11:47,100.563
726,2019-03-23 01:11:49,88.157
727,2019-03-23 01:11:58,96.63
728,2019-03-23 01:11:58,84.731
729,2019-03-23 01:12:04,87.58
730,2019-03-23 01:12:08,96.542
731,2019-03-23 01:12:11,88.375
732,2019-03-23 01:12:31,88.6
733,2019-03-23 01:12:36,81.841
734,2019-03-23 01:12:46,81.754
735,2019-03-23 01:12:46,101.789
736,2019-03-23 01:12:51,86.949
737,2019-03-23 01:12:54,86.371
738,2019-03-23 01:12:59,98.428
739,2019-03-23 01:12:59,86.786
740,2019-03-23 01:13:00,94.632
741,2019-03-23 01:13:20,94.769
742,2019-03-23 01:13:23,87.747
743,2019-03-23 01:13:30,86.942
744,2019-03-23 01:13:37,95.649
745,2019-03-23 01:13:38,101.689
746,2019-03-23 01:13:50,83.472
747,2019-03-23 01:13:51,83.345
748,2019-03-23 01:13:52,99.671
749,2019-03-23 01:13:55,96.134
750,2019-03-23 01:14:00,87.664
751,2019-03-23 01:14:02,85.188
752,2019-03-23 01:14:06,95.904
753,2019-03-23 01:14:18,88.752
754,2019-03-23 01:14:22,82.982
755,2019-03-23 01:14:24,97.046
756,2019-03-23 01:14:25,83.508
757,2019-03-23 01:14:27,100.789
758,2019-03-23 01:14:34,85.414
759,2019-03-23 01:14:34,86.92
760,2019-03-23 01:14:39,86.125
761,2019-03-23 01:14:48,88.554
762,2019-03-23 01:14:53,99.354
763,2019-03-23 01:14:56,101.517
764,2019-03-23 01:15:00,100.43
765,2019-03-23 01:15:01,88.013
766,2019-03-23 01:15:11,86.746
767,2019-03-23 01:15:36,88.385
768,2019-03-23 01:15:44,84.227
769,2019-03-23 01:15:53,99.55
770,2019-03-23 01:16:01,85.403
771,2019-03-23 01:16:06,98.459
772,2019-03-23 01:16:11,83.824
773,2019-03-23 01:16:13,99.235
774,2019-03-23 01:16:18,82.706
775,2019-03-23 01:16:20,85.762
776,2019-03-23 01:16:22,83.666
777,2019-03-23 01:16:26,96.791
778,2019-03-23 01:18:40,94.514
779,2019-03-23 01:18:42,97.805
780,2019-03-23 01:18:43,94.165
781,2019-03-23 01:18:44,86.105
782,2019-03-23 01:18:47,87.52
783,2019-03-23 01:18:51,86.967
784,2019-03-23 01:18:52,88.072
785,2019-03-23 01:18:57,89.273
786,2019-03-23 01:18:59,96.038
787,2019-03-23 01:19:00,85.052
788,2019-03-23 01:19:00,96.6
789,2019-03-23 01:19:01,95.434
790,2019-03-23 01:19:06,96.129
791,2019-03-23 01:19:07,87.297
792,2019-03-23 01:19:10,99.311
793,2019-03-23 01:19:13,95.091
794,2019-03-23 01:19:16,98.213
795,2019-03-23 01:19:18,97.37
796,2019-03-23 01:19:23,94.649
797,2019-03-23 01:19:24,98.857
798,2019-03-23 01:19:29,86.014
799,2019-03-23 01:19:38,84.511
800,2019-03-23 01:19:41,81.521
801,2019-03-23 01:19:52,88.594
802,2019-03-23 01:19:54,96.171
803,2019-03-23 01:19:56,97.486
804,2019-03-23 01:20:06,96.495
805,2019-03-23 01:20:09,97.998
806,2019-03-23 01:20:18,101.89
807,2019-03-23 01:20:37,87.242
808,2019-03-23 01:20:39,82.631
809,2019-03-23 01:20:42,85.474
810,2019-03-23 01:20:42,98.015
811,2019-03-23 01:20:44,99.661
812,2019-03-23 01:20:46,100.785
813,2019-03-23 01:21:05,87.174
814,2019-03-23 01:21:08,96.579
815,2019-03-23 01:21:09,99.266
816,2019-03-23 01:21:18,81.891
817,2019-03-23 01:21:22,86.691
818,2019-03-23 01:21:25,95.598
819,2019-03-23 01:21:32,97.167
820,2019-03-23 01:21:33,100.091
821,2019-03-23 01:21:37,99.541
822,2019-03-23 01:21:42,94.677
823,2019-03-23 01:21:48,95.532
824,2019-03-23 01:21:51,99.758
825,2019-03-23 01:21:56,100.564
826,2019-03-23 01:21:57,84.13
827,2019-03-23 01:22:01,87.411
828,2019-03-23 01:22:05,83.027
829,2019-03-23 01:22:09,94.401
830,2019-03-23 01:22:18,101.97
831,2019-03-23 01:22:29,88.009
832,2019-03-23 01:22:37,88.501
833,2019-03-23 01:22:40,102.082
834,2019-03-23 01:22:45,97.025
835,2019-03-23 01:22:47,87.443
836,2019-03-23 01:22:51,82.384
837,2019-03-23 01:22:55,99.228
838,2019-03-23 01:23:06,97.372
839,2019-03-23 01:23:10,99.315
840,2019-03-23 01:23:12,96.798
841,2019-03-23 01:23:21,100.652
842,2019-03-23 01:23:24,82.691
843,2019-03-23 01:23:36,84.606
844,2019-03-23 01:23:41,101.275
845,2019-03-23 01:23:43,101.344
846,2019-03-23 01:23:46,98.276
847,2019-03-23 01:23:52,82.847
848,2019-03-23 01:23:54,98.629
849,2019-03-23 01:23:58,97.573
850,2019-03-23 01:24:03,84.812
851,2019-03-23 01:26:20,82.383
852,2019-03-23 01:26:24,97.956
853,2019-03-23 01:26:24,82.27
854,2019-03-23 01:26:26,81.851
855,2019-03-23 01:26:28,95.699
856,2019-03-23 01:26:29,97.038
857,2019-03-23 01:26:30,82.838
858,2019-03-23 01:26:36,98.036
859,2019-03-23 01:26:45,87.563
860,2019-03-23 01:26:52,94.872
861,2019-03-23 01:26:53,84.789
862,2019-03-23 01:26:53,88.234
863,2019-03-23 01:26:55,82.691
864,2019-03-23 01:27:00,83.649
865,2019-03-23 01:27:05,84.125
866,2019-03-23 01:27:06,96.565
867,2019-03-23 01:27:28,94.345
868,2019-03-23 01:27:37,97.03
869,2019-03-23 01:27:45,95.037
870,2019-03-23 01:27:46,86.531
871,2019-03-23 01:27:46,99.312
872,2019-03-23 01:27:48,96.835
873,2019-03-23 01:27:55,82.253
874,2019-03-23 01:27:58,99.276
875,2019-03-23 01:27:59,89.391
876,2019-03-23 01:28:02,94.518
877,2019-03-23 01:28:02,85.871
878,2019-03-23 01:28:14,88.328
879,2019-03-23 01:28:14,98.5
880,2019-03-23 01:28:18,83.26
881,2019-03-23 01:28:19,101.23
882,2019-03-23 01:28:25,84.584
883,2019-03-23 01:28:27,81.62
884,2019-03-23 01:28:28,85.733
885,2019-03-23 01:28:32,100.571
886,2019-03-23 01:28:49,86.198
887,2019-03-23 01:28:54,85.336
888,2019-03-23 01:28:54,83.225
889,2019-03-23 01:29:01,99.813
890,2019-03-23 01:29:02,84.988
891,2019-03-23 01:29:22,84.086
892,2019-03-23 01:29:27,83.323
893,2019-03-23 01:29:32,86.034
894,2019-03-23 01:29:33,97.862
895,2019-03-23 01:29:38,83.406
896,2019-03-23 01:29:48,98.891
897,2019-03-23 01:29:49,86.591
898,2019-03-23 01:29:51,83.237
899,2019-03-23 01:29:51,86.965
900,2019-03-23 01:29:52,100.526
901,2019-03-23 01:29:58,85.819
902,2019-03-23 01:30:03,98.779
903,2019-03-23 01:30:04,96.595
904,2019-03-23 01:30:04,101.762
905,2019-03-23 01:30:05,96.03
906,2019-03-23 01:30:07,87.723
907,2019-03-23 01:30:10,81.89
908,2019-03-23 01:30:12,101.233
909,2019-03-23 01:30:13,87.01
910,2019-03-23 01:30:18,84.329
911,2019-03-23 01:30:24,99.073
912,2019-03-23 01:30:26,82.332
913,2019-03-23 01:30:34,87.113
914,2019-03-23 01:30:35,88.703
915,2019-03-23 01:30:35,100.871
916,2019-03-23 01:30:41,95.196
917,2019-03-23 01:30:45,84.593
918,2019-03-23 01:30:55,96.951
919,2019-03-23 01:30:55,87.257
920,2019-03-23 01:30:56,89.155
921,2019-03-23 01:31:02,101.834
922,2019-03-23 01:31:06,96.78
923,2019-03-23 01:31:07,95.097
924,2019-03-23 01:31:09,84.639
925,2019-03-23 01:31:26,85.32
926,2019-03-23 01:31:28,83.336
927,2019-03-23 01:31:35,86.358
928,2019-03-23 01:31:45,88.578
929,2019-03-23 01:31:45,88.465
930,2019-03-23 01:33:59,97.543
931,2019-03-23 01:33:59,97.607
932,2019-03-23 01:34:01,87.281
933,2019-03-23 01:34:03,88.596
934,2019-03-23 01:34:06,96.637
935,2019-03-23 01:34:06,83.215
936,2019-03-23 01:34:08,85.75
937,2019-03-23 01:34:12,100.832
938,2019-03-23 01:34:14,99.557
939,2019-03-23 01:34:14,100.69
940,2019-03-23 01:34:19,96.256
941,2019-03-23 01:34:29,98.495
942,2019-03-23 01:34:35,81.631
943,2019-03-23 01:34:36,95.467
944,2019-03-23 01:34:38,100.907
945,2019-03-23 01:34:48,88.97
946,2019-03-23 01:34:56,82.086
947,2019-03-23 01:35:06,99.707
948,2019-03-23 01:35:18,89.045
949,2019-03-23 01:35:21,89.118
950,2019-03-23 01:35:24,95.129
951,2019-03-23 01:35:25,84.41
952,2019-03-23 01:35:33,96.698
953,2019-03-23 01:35:35,82.357
954,2019-03-23 01:35:45,94.5
955,2019-03-23 01:35:51,97.169
956,2019-03-23 01:35:55,98.733
957,2019-03-23 01:35:59,87.897
958,2019-03-23 01:36:02,95.455
959,2019-03-23 01:36:05,83.351
960,2019-03-23 01:36:07,88.555
961,2019-03-23 01:36:08,88.47
962,2019-03-23 01:36:10,84.48
963,2019-03-23 01:36:11,101.831
964,2019-03-23 01:36:17,101.387
965,2019-03-23 01:36:18,98.882
966,2019-03-23 01:36:33,97.753
967,2019-03-23 01:36:41,88.935
968,2019-03-23 01:36:52,98.483
969,2019-03-23 01:36:56,87.931
970,2019-03-23 01:36:57,85.919
971,2019-03-23 01:37:02,97.194
972,2019-03-23 01:37:17,84.121
973,2019-03-23 01:37:21,98.847
974,2019-03-23 01:37:23,99.644
975,2019-03-23 01:37:28,82.094
976,2019-03-23 01:37:29,88.367
977,2019-03-23 01:37:34,85.478
978,2019-03-23 01:37:37,94.354
979,2019-03-23 01:37:38,98.45
980,2019-03-23 01:37:48,98.747
981,2019-03-23 01:37:51,101.965
982,2019-03-23 01:37:53,83.936
983,2019-03-23 01:37:59,87.513
984,2019-03-23 01:38:01,88.173
985,2019-03-23 01:38:01,86.018
986,2019-03-23 01:38:06,95.272
987,2019-03-23 01:38:07,83.117
988,2019-03-23 01:38:10,88.829
989,2019-03-23 01:38:10,86.373
990,2019-03-23 01:38:16,81.65
991,2019-03-23 01:38:24,94.513
992,2019-03-23 01:38:24,98.244
993,2019-03-23 01:38:27,88.034
994,2019-03-23 01:38:28,97.514
995,2019-03-23 01:38:30,99.11
996,2019-03-23 01:38:31,94.489
997,2019-03-23 01:38:32,82.88
998,2019-03-23 01:38:32,98.594
999,2019-03-23 01:38:41,89.382
1000,2019-03-23 01:38:45,98.747
1001,2019-03-23 01:38:50,101.255
1002,2019-03-23 01:38:52,100.891
1003,2019-03-23 01:38:55,84.943
1004,2019-03-23 01:39:05,86.661
1005,2019-03-23 01:39:07,86.423
1006,2019-03-23 01:39:09,85.868
1007,2019-03-23 01:39:11,102.129
1008,2019-03-23 01:39:19,82.048
1009,2019-03-23 01:39:20,83.817
1010,2019-03-23 01:39:24,83.682
1011,2019-03-23 01:41:37,99.093
1012,2019-03-23 01:41:38,100.841
1013,2019-03-23 01:41:39,86.919
1014,2019-03-23 01:41:39,82.584
1015,2019-03-23 01:41:40,87.179
1016,2019-03-23 01:41:42,88.479
1017,2019-03-23 01:41:46,84.974
1018,2019-03-23 01:41:52,84.086
1019,2019-03-23 01:41:53,88.258
1020,2019-03-23 01:42:06,100.313
1021,2019-03-23 01:42:06,86.043
1022,2019-03-23 01:42:08,101.334
1023,2019-03-23 01:42:09,87.616
1024,2019-03-23 01:42:12,100.762
1025,2019-03-23 01:42:18,99.454
1026,2019-03-23 01:42:21,83.268
1027,2019-03-23 01:42:23,98.441
1028,2019-03-23 01:42:28,100.266
1029,2019-03-23 01:42:51,83.479
1030,2019-03-23 01:42:52,87.201
1031,2019-03-23 01:43:07,89.137
1032,2019-03-23 01:43:18,88.569
1033,2019-03-23 01:43:38,87.287
1034,2019-03-23 01:43:38,99.847
1035,2019-03-23 01:43:45,88.611
1036,2019-03-23 01:43:49,88.786
1037,2019-03-23 01:43:52,82.531
1038,2019-03-23 01:43:55,88.179
1039,2019-03-23 01:44:02,101.486
1040,2019-03-23 01:44:13,101.415
1041,2019-03-23 01:44:17,88.624
1042,2019-03-23 01:44:18,99.714
1043,2019-03-23 01:44:20,95.876
1044,2019-03-23 01:44:23,82.772
1045,2019-03-23 01:44:28,82.337
1046,2019-03-23 01:44:32,101.558
1047,2019-03-23 01:44:33,101.498
1048,2019-03-23 01:44:36,85.396
1049,2019-03-23 01:44:38,86.424
1050,2019-03-23 01:44:41,86.181
1051,2019-03-23 01:44:47,94.874
1052,2019-03-23 01:44:48,94.592
1053,2019-03-23 01:44:51,88.584
1054,2019-03-23 01:44:56,101.094
1055,2019-03-23 01:45:07,88.917
1056,2019-03-23 01:45:10,87.024
1057,2019-03-23 01:45:22,100.537
1058,2019-03-23 01:45:23,84.28
1059,2019-03-23 01:45:27,96.053
1060,2019-03-23 01:45:33,102.349
1061,2019-03-23 01:45:36,100.534
1062,2019-03-23 01:45:38,88.077
1063,2019-03-23 01:45:40,99.006
1064,2019-03-23 01:45:45,87.046
1065,2019-03-23 01:45:51,99.112
1066,2019-03-23 01:45:52,85.908
1067,2019-03-23 01:45:55,89.092
1068,2019-03-23 01:45:56,100.388
1069,2019-03-23 01:45:57,86.082
1070,2019-03-23 01:45:58,98.577
1071,2019-03-23 01:46:02,89.367
1072,2019-03-23 01:46:04,94.693
1073,2019-03-23 01:46:07,82.763
1074,2019-03-23 01:46:18,100.594
1075,2019-03-23 01:46:22,86.317
1076,2019-03-23 01:46:31,84.467
1077,2019-03-23 01:46:35,81.572
1078,2019-03-23 01:46:41,96.786
1079,2019-03-23 01:46:49,101.307
1080,2019-03-23 01:46:54,83.545
1081,2019-03-23 01:47:00,86.778
1082,2019-03-23 01:48:59,86.674
1083,2019-03-23 01:48:59,86.103
1084,2019-03-23 01:49:03,83.651
1085,2019-03-23 01:49:04,95.127
1086,2019-03-23 01:49:05,100.906
1087,2019-03-23 01:49:06,85.822
1088,2019-03-23 01:49:08,95.301
1089,2019-03-23 01:49:09,99.232
1090,2019-03-23 01:49:15,83.839
1091,2019-03-23 01:49:22,94.524
1092,2019-03-23 01:49:24,81.913
1093,2019-03-23 01:49:27,81.733
1094,2019-03-23 01:49:30,88.741
1095,2019-03-23 01:49:30,84.338
1096,2019-03-23 01:49:31,96.903
1097,2019-03-23 01:49:50,101.293
1098,2019-03-23 01:50:02,83.597
1099,2019-03-23 01:50:07,100.528
1100,2019-03-23 01:50:08,85.548
1101,2019-03-23 01:50:18,81.798
1102,2019-03-23 01:50:20,96.287
1103,2019-03-23 01:50:23,85.77
1104,2019-03-23 01:50:42,88.042
1105,2019-03-23 01:50:47,97.014
1106,2019-03-23 01:50:51,94.323
1107,2019-03-23 01:50:52,84.595
1108,2019-03-23 01:50:53,88.359
1109,2019-03-23 01:50:55,96.123
1110,2019-03-23 01:51:13,96.581
1111,2019-03-23 01:51:17,83.493
1112,2019-03-23 01:51:18,97.567
1113,2019-03-23 01:51:25,101.82
1114,2019-03-23 01:51:27,99.636
1115,2019-03-23 01:51:32,96.578
1116,2019-03-23 01:51:42,87.44
1117,2019-03-23 01:51:43,98.921
1118,2019-03-23 01:51:49,97.395
1119,2019-03-23 01:51:49,87.63
1120,2019-03-23 01:51:51,89.07
1121,2019-03-23 01:51:51,99.401
1122,2019-03-23 01:51:54,84.748
1123,2019-03-23 01:52:15,83.65
1124,2019-03-23 01:52:16,99.022
1125,2019-03-23 01:52:21,101.669
1126,2019-03-23 01:52:35,83.204
1127,2019-03-23 01:52:36,97.696
1128,2019-03-23 01:52:48,89.304
1129,2019-03-23 01:52:49,98.87
1130,2019-03-23 01:52:50,83.361
1131,2019-03-23 01:52:59,98.945
1132,2019-03-23 01:53:01,85.058
1133,2019-03-23 01:53:03,84.476
1134,2019-03-23 01:53:06,101.825
1135,2019-03-23 01:53:07,95.648
1136,2019-03-23 01:53:09,95.207
1137,2019-03-23 01:53:13,97.007
1138,2019-03-23 01:53:20,95.258
1139,2019-03-23 01:53:29,83.604
1140,2019-03-23 01:53:34,87.397
1141,2019-03-23 01:53:34,84.813
1142,2019-03-23 01:53:39,95.658
1143,2019-03-23 01:53:43,87.378
1144,2019-03-23 01:53:50,82.737
1145,2019-03-23 01:53:56,94.823
1146,2019-03-23 01:54:01,83.815
1147,2019-03-23 01:54:03,101.881
1148,2019-03-23 01:54:17,98.873
1149,2019-03-23 01:54:21,88.018
1150,2019-03-23 01:56:21,83.089
1151,2019-03-23 01:56:24,84.121
1152,2019-03-23 01:56:28,89.074
1153,2019-03-23 01:56:29,83.561
1154,2019-03-23 01:56:32,101.065
1155,2019-03-23 01:56:36,84.214
1156,2019-03-23 01:56:39,99.853
1157,2019-03-23 01:56:42,87.192
1158,2019-03-23 01:56:42,97.304
1159,2019-03-23 01:56:45,84.762
1160,2019-03-23 01:56:49,87.955
1161,2019-03-23 01:56:55,84.725
1162,2019-03-23 01:57:03,100.942
1163,2019-03-23 01:57:04,101.392
1164,2019-03-23 01:57:07,96.405
1165,2019-03-23 01:57:07,98.601
1166,2019-03-23 01:57:10,96.089
1167,2019-03-23 01:57:18,96.305
1168,2019-03-23 01:57:23,95.29
1169,2019-03-23 01:57:25,83.355
1170,2019-03-23 01:57:31,86.075
1171,2019-03-23 01:57:38,84.445
1172,2019-03-23 01:57:40,100.117
1173,2019-03-23 01:57:48,101.583
1174,2019-03-23 01:57:55,96.343
1175,2019-03-23 01:57:59,95.556
1176,2019-03-23 01:58:02,98.674
1177,2019-03-23 01:58:03,84.353
1178,2019-03-23 01:58:04,101.751
1179,2019-03-23 01:58:06,83.963
1180,2019-03-23 01:58:07,87.566
1181,2019-03-23 01:58:11,96.796
1182,2019-03-23 01:58:12,96.954
1183,2019-03-23 01:58:14,82.868
1184,2019-03-23 01:58:23,89.082
1185,2019-03-23 01:58:36,88.63
1186,2019-03-23 01:58:50,101.555
1187,2019-03-23 01:58:54,99.395
1188,2019-03-23 01:58:55,98.743
1189,2019-03-23 01:58:55,87.631
1190,2019-03-23 01:58:58,84.967
1191,2019-03-23 01:59:00,88.023
1192,2019-03-23 01:59:02,85.538
1193,2019-03-23 01:59:04,86.986
1194,2019-03-23 01:59:10,84.597
1195,2019-03-23 01:59:20,100.552
1196,2019-03-23 01:59:27,85.486
1197,2019-03-23 01:59:29,89.325
1198,2019-03-23 01:59:37,81.784
1199,2019-03-23 01:59:43,94.336
1200,2019-03-23 01:59:45,83.428
1201,2019-03-23 02:00:04,98.058
1202,2019-03-23 02:00:16,99.996
1203,2019-03-23 02:00:19,95.666
1204,2019-03-23 02:00:22,88.783
1205,2019-03-23 02:00:37,94.481
1206,2019-03-23 02:00:43,99.513
1207,2019-03-23 02:00:47,96.942
1208,2019-03-23 02:00:51,82.146
1209,2019-03-23 02:00:53,81.567
1210,2019-03-23 02:00:55,83.494
1211,2019-03-23 02:00:55,84.857
1212,2019-03-23 02:00:56,82.61
1213,2019-03-23 02:00:59,84.241
1214,2019-03-23 02:01:04,82.971
1215,2019-03-23 02:01:07,99.053
1216,2019-03-23 02:01:08,85.147
1217,2019-03-23 02:01:14,87.324
1218,2019-03-23 02:01:14,100.216
1219,2019-03-23 02:01:16,99.008
1220,2019-03-23 02:01:22,86.02
1221,2019-03-23 02:01:24,101.456
1222,2019-03-23 02:01:27,81.389
1223,2019-03-23 02:01:32,101.007
1224,2019-03-23 02:01:33,83.911
1225,2019-03-23 02:01:37,99.559
1226,2019-03-23 02:01:41,94.622
1227,2019-03-23 02:04:26,102.48
1228,2019-03-23 02:04:30,89.583
1229,2019-03-23 02:04:30,99.534
1230,2019-03-23 02:04:31,103.52
1231,2019-03-23 02:04:33,91.241
1232,2019-03-23 02:04:34,100.583
1233,2019-03-23 02:04:37,88.065
1234,2019-03-23 02:04:37,98.178
1235,2019-03-23 02:04:38,100.503
1236,2019-03-23 02:04:38,97.934
1237,2019-03-23 02:04:39,88.025
1238,2019-03-23 02:04:46,98.437
1239,2019-03-23 02:04:46,88.258
1240,2019-03-23 02:04:52,103.476
1241,2019-03-23 02:04:52,91.22
1242,2019-03-23 02:04:59,86.32
1243,2019-03-23 02:05:01,104.119
1244,2019-03-23 02:05:02,96.218
1245,2019-03-23 02:05:04,101.367
1246,2019-03-23 02:05:05,101.265
1247,2019-03-23 02:05:16,87.217
1248,2019-03-23 02:05:22,100.464
1249,2019-03-23 02:05:31,88.844
1250,2019-03-23 02:05:46,86.039
1251,2019-03-23 02:05:52,84.603
1252,2019-03-23 02:05:52,103.037
1253,2019-03-23 02:06:01,91.437
1254,2019-03-23 02:06:03,84.687
1255,2019-03-23 02:06:03,84.91
1256,2019-03-23 02:06:06,102.251
1257,2019-03-23 02:06:06,84.427
1258,2019-03-23 02:06:09,103.99
1259,2019-03-23 02:06:10,83.842
1260,2019-03-23 02:06:11,85.432
1261,2019-03-23 02:06:12,99.1
1262,2019-03-23 02:06:15,90.675
1263,2019-03-23 02:06:29,102.657
1264,2019-03-23 02:06:37,91.185
1265,2019-03-23 02:06:44,91.269
1266,2019-03-23 02:06:44,88.859
1267,2019-03-23 02:06:44,83.402
1268,2019-03-23 02:06:47,88.603
1269,2019-03-23 02:06:49,86.175
1270,2019-03-23 02:06:54,99.405
1271,2019-03-23 02:06:54,97.911
1272,2019-03-23 02:06:54,100.279
1273,2019-03-23 02:07:09,98.441
1274,2019-03-23 02:07:11,100.85
1275,2019-03-23 02:07:13,102.487
1276,2019-03-23 02:07:18,89.556
1277,2019-03-23 02:07:19,84.521
1278,2019-03-23 02:07:33,96.586
1279,2019-03-23 02:07:35,98.101
1280,2019-03-23 02:07:42,102.903
1281,2019-03-23 02:07:48,87.439
1282,2019-03-23 02:07:50,85.795
1283,2019-03-23 02:07:52,89.392
1284,2019-03-23 02:08:19,103.577
1285,2019-03-23 02:08:20,86.337
1286,2019-03-23 02:08:21,89.394
1287,2019-03-23 02:08:22,85.147
1288,2019-03-23 02:08:22,89.265
1289,2019-03-23 02:08:23,101.878
1290,2019-03-23 02:08:25,101.445
1291,2019-03-23 02:08:27,97.024
1292,2019-03-23 02:08:28,91.009
1293,2019-03-23 02:08:32,96.235
1294,2019-03-23 02:08:34,86.25
1295,2019-03-23 02:08:36,83.512
1296,2019-03-23 02:08:37,98.516
1297,2019-03-23 02:08:42,87.955
1298,2019-03-23 02:08:42,98.027
1299,2019-03-23 02:08:44,98.015
1300,2019-03-23 02:08:47,86.844
1301,2019-03-23 02:08:47,88.999
1302,2019-03-23 02:08:47,89.285
1303,2019-03-23 02:08:54,99.171
1304,2019-03-23 02:08:54,102.483
1305,2019-03-23 02:08:58,89.901
1306,2019-03-23 02:08:58,90.112
1307,2019-03-23 02:09:04,99.698
1308,2019-03-23 02:09:15,103.637
1309,2019-03-23 02:09:19,100.952
1310,2019-03-23 02:09:31,103.961
1311,2019-03-23 02:09:38,97.155
1312,2019-03-23 02:09:47,87.658
1313,2019-03-23 02:09:49,98.807
1314,2019-03-23 02:09:56,85.847
1315,2019-03-23 02:12:14,89.324
1316,2019-03-23 02:12:14,99.437
1317,2019-03-23 02:12:17,86.782
1318,2019-03-23 02:12:21,100.115
1319,2019-03-23 02:12:21,99.565
1320,2019-03-23 02:12:21,86.177
1321,2019-03-23 02:12:28,85.203
1322,2019-03-23 02:12:32,90.148
1323,2019-03-23 02:12:32,103.797
1324,2019-03-23 02:12:32,89.576
1325,2019-03-23 02:12:32,101.817
1326,2019-03-23 02:12:34,89.234
1327,2019-03-23 02:12:34,101.725
1328,2019-03-23 02:12:34,89.344
1329,2019-03-23 02:12:38,86.474
1330,2019-03-23 02:12:38,100.409
1331,2019-03-23 02:12:42,97.652
1332,2019-03-23 02:12:55,103.285
1333,2019-03-23 02:12:56,98.532
1334,2019-03-23 02:12:57,90.779
1335,2019-03-23 02:12:58,103.883
1336,2019-03-23 02:12:58,90.401
1337,2019-03-23 02:13:04,98.866
1338,2019-03-23 02:13:10,103.913
1339,2019-03-23 02:13:13,87.077
1340,2019-03-23 02:13:14,101.35
1341,2019-03-23 02:13:14,98.819
1342,2019-03-23 02:13:15,84.908
1343,2019-03-23 02:13:15,96.953
1344,2019-03-23 02:13:26,102.656
1345,2019-03-23 02:13:32,102.143
1346,2019-03-23 02:13:34,99.559
1347,2019-03-23 02:13:36,97.597
1348,2019-03-23 02:13:39,87.333
1349,2019-03-23 02:13:47,87.021
1350,2019-03-23 02:13:52,88.196
1351,2019-03-23 02:13:52,84.845
1352,2019-03-23 02:13:55,84.099
1353,2019-03-23 02:13:58,83.787
1354,2019-03-23 02:14:05,89.698
1355,2019-03-23 02:14:16,90.664
1356,2019-03-23 02:14:23,97.212
1357,2019-03-23 02:14:23,85.01
1358,2019-03-23 02:14:26,84.252
1359,2019-03-23 02:14:28,87.945
1360,2019-03-23 02:14:43,97.295
1361,2019-03-23 02:14:46,102.704
1362,2019-03-23 02:14:50,100.471
1363,2019-03-23 02:14:51,97.55
1364,2019-03-23 02:14:53,101.067
1365,2019-03-23 02:14:54,103.542
1366,2019-03-23 02:15:03,99.451
1367,2019-03-23 02:15:04,99.618
1368,2019-03-23 02:15:06,84.947
1369,2019-03-23 02:15:09,90.292
1370,2019-03-23 02:15:16,83.688
1371,2019-03-23 02:15:25,99.809
1372,2019-03-23 02:15:32,86.257
1373,2019-03-23 02:15:35,103.922
1374,2019-03-23 02:15:40,103.256
1375,2019-03-23 02:15:42,96.699
1376,2019-03-23 02:15:48,96.791
1377,2019-03-23 02:15:55,99.671
1378,2019-03-23 02:15:56,102.934
1379,2019-03-23 02:16:11,86.434
1380,2019-03-23 02:16:13,85.907
1381,2019-03-23 02:16:15,84.196
1382,2019-03-23 02:16:18,103.705
1383,2019-03-23 02:16:34,86.685
1384,2019-03-23 02:16:35,85.81
1385,2019-03-23 02:16:37,85.679
1386,2019-03-23 02:16:39,83.281
1387,2019-03-23 02:16:41,90.866
1388,2019-03-23 02:16:51,85.85
1389,2019-03-23 02:16:57,83.879
1390,2019-03-23 02:17:00,86.187
1391,2019-03-23 02:17:15,87.081
1392,2019-03-23 02:17:21,86.084
1393,2019-03-23 02:17:27,90.892
1394,2019-03-23 02:17:32,83.898
1395,2019-03-23 02:17:36,84.718
1396,2019-03-23 02:17:42,96.562
1397,2019-03-23 02:17:44,102.155
1398,2019-03-23 02:20:08,83.538
1399,2019-03-23 02:20:11,83.657
1400,2019-03-23 02:20:12,85.355
1401,2019-03-23 02:20:13,91.274
1402,2019-03-23 02:20:14,102.308
1403,2019-03-23 02:20:14,86.676
1404,2019-03-23 02:20:15,98.141
1405,2019-03-23 02:20:16,85.893
1406,2019-03-23 02:20:17,90.274
1407,2019-03-23 02:20:18,99.519
1408,2019-03-23 02:20:21,83.986
1409,2019-03-23 02:20:22,84.954
1410,2019-03-23 02:20:22,100.714
1411,2019-03-23 02:20:24,101.282
1412,2019-03-23 02:20:24,86.931
1413,2019-03-23 02:20:26,84.286
1414,2019-03-23 02:20:29,88.396
1415,2019-03-23 02:20:32,89.764
1416,2019-03-23 02:20:33,87.43
1417,2019-03-23 02:20:38,98.995
1418,2019-03-23 02:20:40,97.885
1419,2019-03-23 02:20:41,98.068
1420,2019-03-23 02:20:46,96.712
1421,2019-03-23 02:20:46,84.458
1422,2019-03-23 02:20:48,98.422
1423,2019-03-23 02:20:53,87.12
1424,2019-03-23 02:20:59,97.468
1425,2019-03-23 02:21:13,91.157
1426,2019-03-23 02:21:21,97.734
1427,2019-03-23 02:21:30,98.829
1428,2019-03-23 02:21:33,102.265
1429,2019-03-23 02:21:35,84.017
1430,2019-03-23 02:21:49,102.368
1431,2019-03-23 02:21:55,96.514
1432,2019-03-23 02:21:55,88.712
1433,2019-03-23 02:21:55,102.685
1434,2019-03-23 02:21:55,90.279
1435,2019-03-23 02:22:00,101.455
1436,2019-03-23 02:22:12,83.999
1437,2019-03-23 02:22:13,86.887
1438,2019-03-23 02:22:16,99.261
1439,2019-03-23 02:22:16,87.086
1440,2019-03-23 02:22:16,99.1
1441,2019-03-23 02:22:25,98.866
1442,2019-03-23 02:22:30,84.608
1443,2019-03-23 02:22:31,102.57
1444,2019-03-23 02:22:36,85.559
1445,2019-03-23 02:22:37,100.621
1446,2019-03-23 02:23:02,86.931
1447,2019-03-23 02:23:03,104.147
1448,2019-03-23 02:23:04,88.944
1449,2019-03-23 02:23:05,85.779
1450,2019-03-23 02:23:07,83.885
1451,2019-03-23 02:23:17,101.47
1452,2019-03-23 02:23:18,98.172
1453,2019-03-23 02:23:22,91.202
1454,2019-03-23 02:23:26,85.902
1455,2019-03-23 02:23:26,89.751
1456,2019-03-23 02:23:26,86.003
1457,2019-03-23 02:23:27,90.558
1458,2019-03-23 02:23:37,83.916
1459,2019-03-23 02:23:42,85.768
1460,2019-03-23 02:23:44,102.372
1461,2019-03-23 02:23:46,97.876
1462,2019-03-23 02:23:46,103.286
1463,2019-03-23 02:23:49,96.988
1464,2019-03-23 02:23:58,85.146
1465,2019-03-23 02:24:01,99.202
1466,2019-03-23 02:24:05,86.559
1467,2019-03-23 02:24:11,85.072
1468,2019-03-23 02:24:13,89.369
1469,2019-03-23 02:24:14,86.55
1470,2019-03-23 02:24:18,97.571
1471,2019-03-23 02:24:19,84.196
1472,2019-03-23 02:24:21,87.392
1473,2019-03-23 02:24:26,85.112
1474,2019-03-23 02:24:29,90.029
1475,2019-03-23 02:24:30,100.221
1476,2019-03-23 02:24:35,84.642
1477,2019-03-23 02:24:52,96.616
1478,2019-03-23 02:24:54,90.769
1479,2019-03-23 02:24:54,86.905
1480,2019-03-23 02:24:59,103.858
1481,2019-03-23 02:25:01,101.099
1482,2019-03-23 02:25:03,98.834
1483,2019-03-23 02:25:11,87.019
1484,2019-03-23 02:25:26,84.673
1485,2019-03-23 02:27:55,98.112
1486,2019-03-23 02:27:59,87.302
1487,2019-03-23 02:28:02,96.882
1488,2019-03-23 02:28:03,98.463
1489,2019-03-23 02:28:06,87.539
1490,2019-03-23 02:28:07,97.858
1491,2019-03-23 02:28:19,103.827
1492,2019-03-23 02:28:24,88.906
1493,2019-03-23 02:28:31,87.147
1494,2019-03-23 02:28:40,83.614
1495,2019-03-23 02:28:43,97.623
1496,2019-03-23 02:28:44,103.793
1497,2019-03-23 02:28:48,98.705
1498,2019-03-23 02:28:57,97.252
1499,2019-03-23 02:28:57,100.457
1500,2019-03-23 02:29:00,88.611
1501,2019-03-23 02:29:03,88.14
1502,2019-03-23 02:29:03,89.676
1503,2019-03-23 02:29:32,96.438
1504,2019-03-23 02:29:33,96.897
1505,2019-03-23 02:29:39,97.187
1506,2019-03-23 02:29:42,83.038
1507,2019-03-23 02:29:44,103.325
1508,2019-03-23 02:29:46,97.603
1509,2019-03-23 02:29:46,99.494
1510,2019-03-23 02:29:51,96.545
1511,2019-03-23 02:29:52,87.011
1512,2019-03-23 02:29:57,94.176
1513,2019-03-23 02:29:59,87.078
1514,2019-03-23 02:30:01,83.736
1515,2019-03-23 02:30:08,100.558
1516,2019-03-23 02:30:13,83.726
1517,2019-03-23 02:30:16,85.073
1518,2019-03-23 02:30:23,99.963
1519,2019-03-23 02:30:23,87.849
1520,2019-03-23 02:30:29,96.815
1521,2019-03-23 02:30:36,82.208
1522,2019-03-23 02:30:37,96.037
1523,2019-03-23 02:30:47,100.171
1524,2019-03-23 02:30:48,83.382
1525,2019-03-23 02:30:52,89.245
1526,2019-03-23 02:30:53,96.686
1527,2019-03-23 02:30:55,84.521
1528,2019-03-23 02:30:57,88.169
1529,2019-03-23 02:31:01,101.009
1530,2019-03-23 02:31:11,85.468
1531,2019-03-23 02:31:12,89.133
1532,2019-03-23 02:31:16,88.287
1533,2019-03-23 02:31:23,87.448
1534,2019-03-23 02:31:33,83.801
1535,2019-03-23 02:31:38,86.56
1536,2019-03-23 02:31:58,83.132
1537,2019-03-23 02:32:06,87.903
1538,2019-03-23 02:32:12,98.342
1539,2019-03-23 02:32:19,83.632
1540,2019-03-23 02:32:19,101.646
1541,2019-03-23 02:32:26,95.62
1542,2019-03-23 02:32:28,86.02
1543,2019-03-23 02:32:30,85.431
1544,2019-03-23 02:32:43,97.145
1545,2019-03-23 02:32:54,101.319
1546,2019-03-23 02:33:05,85.574
1547,2019-03-23 02:33:07,88.62
1548,2019-03-23 02:33:07,88.681
1549,2019-03-23 02:33:13,104.047
1550,2019-03-23 02:33:19,91.163
1551,2019-03-23 02:33:20,100.714
1552,2019-03-23 02:33:23,101.997
1553,2019-03-23 02:33:24,98.56
1554,2019-03-23 02:36:01,103.958
1555,2019-03-23 02:36:03,101.718
1556,2019-03-23 02:36:06,101.521
1557,2019-03-23 02:36:07,97.419
1558,2019-03-23 02:36:07,90.852
1559,2019-03-23 02:36:08,90.483
1560,2019-03-23 02:36:09,96.809
1561,2019-03-23 02:36:09,88.882
1562,2019-03-23 02:36:09,98.506
1563,2019-03-23 02:36:20,85.242
1564,2019-03-23 02:36:23,88.281
1565,2019-03-23 02:36:24,88.039
1566,2019-03-23 02:36:25,85.836
1567,2019-03-23 02:36:27,89.192
1568,2019-03-23 02:36:29,86.787
1569,2019-03-23 02:36:29,90.956
1570,2019-03-23 02:36:33,84.168
1571,2019-03-23 02:36:35,97.524
1572,2019-03-23 02:36:37,83.979
1573,2019-03-23 02:36:39,97.168
1574,2019-03-23 02:36:54,100.592
1575,2019-03-23 02:36:55,90.198
1576,2019-03-23 02:37:05,87.009
1577,2019-03-23 02:37:22,87.05
1578,2019-03-23 02:37:32,99.432
1579,2019-03-23 02:37:33,97.398
1580,2019-03-23 02:37:44,102.966
1581,2019-03-23 02:37:44,85.403
1582,2019-03-23 02:37:57,87.199
1583,2019-03-23 02:37:57,85.239
1584,2019-03-23 02:38:02,84.408
1585,2019-03-23 02:38:07,83.914
1586,2019-03-23 02:38:11,84.516
1587,2019-03-23 02:38:12,98.726
1588,2019-03-23 02:38:22,88.685
1589,2019-03-23 02:38:30,100.976
1590,2019-03-23 02:38:32,84.435
1591,2019-03-23 02:38:39,103.647
1592,2019-03-23 02:38:40,97.559
1593,2019-03-23 02:38:44,97.123
1594,2019-03-23 02:38:48,84.05
1595,2019-03-23 02:38:58,85.938
1596,2019-03-23 02:39:03,101.259
1597,2019-03-23 02:39:06,96.506
1598,2019-03-23 02:39:35,82.148
1599,2019-03-23 02:39:41,82.746
1600,2019-03-23 02:39:45,101.638
1601,2019-03-23 02:39:46,88.057
1602,2019-03-23 02:39:49,97.166
1603,2019-03-23 02:39:55,86.37
1604,2019-03-23 02:39:55,81.581
1605,2019-03-23 02:40:01,84.617
1606,2019-03-23 02:40:02,98.836
1607,2019-03-23 02:40:03,96.276
1608,2019-03-23 02:40:04,98.331
1609,2019-03-23 02:40:06,83.992
1610,2019-03-23 02:40:08,101.898
1611,2019-03-23 02:40:10,87.088
1612,2019-03-23 02:40:11,87.653
1613,2019-03-23 02:40:13,89.206
1614,2019-03-23 02:40:15,82.146
1615,2019-03-23 02:40:20,99.85
1616,2019-03-23 02:40:24,86.843
1617,2019-03-23 02:40:26,97.018
1618,2019-03-23 02:40:33,84.994
1619,2019-03-23 02:40:47,94.41
1620,2019-03-23 02:40:57,95.416
1621,2019-03-23 02:41:03,96.07
1622,2019-03-23 02:41:07,101.629
1623,2019-03-23 02:41:09,100.463
1624,2019-03-23 02:41:22,96.875
1625,2019-03-23 02:41:24,85.796
1626,2019-03-23 02:41:29,89.004
1627,2019-03-23 02:41:31,96.815
1628,2019-03-23 02:43:32,83.92
1629,2019-03-23 02:43:33,84.339
1630,2019-03-23 02:43:34,96.239
1631,2019-03-23 02:43:35,84.029
1632,2019-03-23 02:43:37,87.238
1633,2019-03-23 02:43:40,97.311
1634,2019-03-23 02:43:40,96.455
1635,2019-03-23 02:43:42,86.251
1636,2019-03-23 02:43:42,94.598
1637,2019-03-23 02:43:44,84.258
1638,2019-03-23 02:43:53,86.526
1639,2019-03-23 02:43:54,100.125
1640,2019-03-23 02:43:59,95.495
1641,2019-03-23 02:44:08,95.79
1642,2019-03-23 02:44:11,85.539
1643,2019-03-23 02:44:12,86.923
1644,2019-03-23 02:44:13,85.043
1645,2019-03-23 02:44:17,97.552
1646,2019-03-23 02:44:27,87.266
1647,2019-03-23 02:44:28,97.317
1648,2019-03-23 02:44:35,81.716
1649,2019-03-23 02:44:46,97.71
1650,2019-03-23 02:44:48,85.797
1651,2019-03-23 02:44:51,86.627
1652,2019-03-23 02:44:55,86.461
1653,2019-03-23 02:45:09,83.678
1654,2019-03-23 02:45:11,94.957
1655,2019-03-23 02:45:14,101.205
1656,2019-03-23 02:45:24,100.555
1657,2019-03-23 02:45:30,99.545
1658,2019-03-23 02:45:32,87.908
1659,2019-03-23 02:45:34,83.41
1660,2019-03-23 02:45:38,97.128
1661,2019-03-23 02:45:44,101.944
1662,2019-03-23 02:45:47,86.758
1663,2019-03-23 02:45:48,94.669
1664,2019-03-23 02:45:52,100.364
1665,2019-03-23 02:46:02,98.091
1666,2019-03-23 02:46:07,87.748
1667,2019-03-23 02:46:07,81.86
1668,2019-03-23 02:46:17,99.015
1669,2019-03-23 02:46:19,97.322
1670,2019-03-23 02:46:30,85.786
1671,2019-03-23 02:46:34,100.313
1672,2019-03-23 02:46:36,98.154
1673,2019-03-23 02:46:38,97.504
1674,2019-03-23 02:46:41,97.537
1675,2019-03-23 02:46:42,97.53
1676,2019-03-23 02:46:52,85.331
1677,2019-03-23 02:46:53,86.672
1678,2019-03-23 02:46:53,99.427
1679,2019-03-23 02:46:55,100.639
1680,2019-03-23 02:46:58,101.987
1681,2019-03-23 02:47:00,95.509
1682,2019-03-23 02:47:01,97.907
1683,2019-03-23 02:47:03,94.874
1684,2019-03-23 02:47:04,87.342
1685,2019-03-23 02:47:05,94.731
1686,2019-03-23 02:47:06,98.851
1687,2019-03-23 02:47:16,89.157
1688,2019-03-23 02:47:22,84.161
1689,2019-03-23 02:47:26,100.746
1690,2019-03-23 02:47:30,94.347
1691,2019-03-23 02:47:33,97.38
1692,2019-03-23 02:47:37,100.766
1693,2019-03-23 02:47:47,84.002
1694,2019-03-23 02:47:50,83.12
1695,2019-03-23 02:47:50,102.298
1696,2019-03-23 02:47:53,88.352
1697,2019-03-23 02:48:00,84.71
1698,2019-03-23 02:48:10,99.709
1699,2019-03-23 02:48:11,86.854
1700,2019-03-23 02:48:29,99.149
1701,2019-03-23 02:48:29,89.233
1702,2019-03-23 02:48:33,82.36
1703,2019-03-23 02:48:41,102.259
1704,2019-03-23 02:48:44,86.319
1705,2019-03-23 02:48:46,95.742
1706,2019-03-23 02:48:47,89.39
1707,2019-03-23 02:48:49,85.018
1708,2019-03-23 02:48:50,83.301
1709,2019-03-23 02:51:12,88.412
1710,2019-03-23 02:51:13,86.471
1711,2019-03-23 02:51:13,84.171
1712,2019-03-23 02:51:14,86.071
1713,2019-03-23 02:51:14,86.103
1714,2019-03-23 02:51:18,89.056
1715,2019-03-23 02:51:21,94.686
1716,2019-03-23 02:51:21,101.092
1717,2019-03-23 02:51:22,94.541
1718,2019-03-23 02:51:23,98.916
1719,2019-03-23 02:51:23,100.232
1720,2019-03-23 02:51:24,100.387
1721,2019-03-23 02:51:31,97.42
1722,2019-03-23 02:51:33,85.007
1723,2019-03-23 02:51:40,86.845
1724,2019-03-23 02:51:41,82.822
1725,2019-03-23 02:51:43,85.352
1726,2019-03-23 02:51:48,95.51
1727,2019-03-23 02:51:49,94.349
1728,2019-03-23 02:51:49,87.459
1729,2019-03-23 02:51:52,83.262
1730,2019-03-23 02:51:53,88.515
1731,2019-03-23 02:51:59,87.953
1732,2019-03-23 02:52:00,81.525
1733,2019-03-23 02:52:04,86.757
1734,2019-03-23 02:52:04,101.053
1735,2019-03-23 02:52:05,86.552
1736,2019-03-23 02:52:06,86.176
1737,2019-03-23 02:52:10,82.378
1738,2019-03-23 02:52:15,87.229
1739,2019-03-23 02:52:16,83.017
1740,2019-03-23 02:52:35,87.328
1741,2019-03-23 02:52:38,86.659
1742,2019-03-23 02:52:40,97.328
1743,2019-03-23 02:52:42,88.338
1744,2019-03-23 02:52:43,88.141
1745,2019-03-23 02:52:45,87.644
1746,2019-03-23 02:52:58,94.906
1747,2019-03-23 02:52:59,88.68
1748,2019-03-23 02:53:00,96.542
1749,2019-03-23 02:53:00,83.431
1750,2019-03-23 02:53:05,95.696
1751,2019-03-23 02:53:17,82.168
1752,2019-03-23 02:53:18,95.439
1753,2019-03-23 02:53:20,83.152
1754,2019-03-23 02:53:22,89.288
1755,2019-03-23 02:53:22,94.829
1756,2019-03-23 02:53:34,86.825
1757,2019-03-23 02:53:41,97.395
1758,2019-03-23 02:53:43,98.758
1759,2019-03-23 02:53:55,100.562
1760,2019-03-23 02:54:00,86.562
1761,2019-03-23 02:54:01,94.391
1762,2019-03-23 02:54:03,83.214
1763,2019-03-23 02:54:08,82.508
1764,2019-03-23 02:54:09,98.742
1765,2019-03-23 02:54:17,88.975
1766,2019-03-23 02:54:18,97.093
1767,2019-03-23 02:54:19,82.352
1768,2019-03-23 02:54:22,88.538
1769,2019-03-23 02:54:23,84.085
1770,2019-03-23 02:54:24,101.961
1771,2019-03-23 02:54:25,82.24
1772,2019-03-23 02:54:28,81.687
1773,2019-03-23 02:54:31,88.522
1774,2019-03-23 02:54:32,85.785
1775,2019-03-23 02:54:58,82.72
1776,2019-03-23 02:55:03,101.375
1777,2019-03-23 02:55:03,83.692
1778,2019-03-23 02:55:13,81.705
1779,2019-03-23 02:55:18,89.238
1780,2019-03-23 02:55:23,96.408
1781,2019-03-23 02:55:25,99.907
1782,2019-03-23 02:55:29,85.491
1783,2019-03-23 02:55:31,98.79
1784,2019-03-23 02:55:37,89.25
1785,2019-03-23 02:55:41,94.515
1786,2019-03-23 02:55:55,96.465
1787,2019-03-23 02:56:11,101.969
1788,2019-03-23 02:56:12,83.99
1789,2019-03-23 02:56:17,94.292
1790,2019-03-23 02:56:21,86.039
1791,2019-03-23 02:56:23,87.823
1792,2019-03-23 02:56:25,96.604
1793,2019-03-23 02:56:29,86.569
1794,2019-03-23 02:56:31,99.969
1795,2019-03-23 02:56:43,82.044
1796,2019-03-23 02:58:50,83.63
1797,2019-03-23 02:58:51,99.436
1798,2019-03-23 02:58:51,97.649
1799,2019-03-23 02:58:52,89.568
1800,2019-03-23 02:58:52,82.795
1801,2019-03-23 02:58:55,89.029
1802,2019-03-23 02:59:01,99.708
1803,2019-03-23 02:59:04,99.098
1804,2019-03-23 02:59:05,96.403
1805,2019-03-23 02:59:09,86.293
1806,2019-03-23 02:59:11,83.271
1807,2019-03-23 02:59:12,85.745
1808,2019-03-23 02:59:13,85.256
1809,2019-03-23 02:59:15,100.644
1810,2019-03-23 02:59:18,87.259
1811,2019-03-23 02:59:19,94.466
1812,2019-03-23 02:59:21,95.509
1813,2019-03-23 02:59:25,88.938
1814,2019-03-23 02:59:32,84.41
1815,2019-03-23 02:59:37,84.669
1816,2019-03-23 02:59:40,100.2
1817,2019-03-23 02:59:44,86.152
1818,2019-03-23 02:59:53,85.831
1819,2019-03-23 02:59:59,98.572
1820,2019-03-23 03:00:00,97.334
1821,2019-03-23 03:00:03,98.59
1822,2019-03-23 03:00:10,87.365
1823,2019-03-23 03:00:13,96.654
1824,2019-03-23 03:00:23,98.254
1825,2019-03-23 03:00:29,88.04
1826,2019-03-23 03:00:31,85.262
1827,2019-03-23 03:00:36,82.983
1828,2019-03-23 03:00:38,84.394
1829,2019-03-23 03:00:40,87.457
1830,2019-03-23 03:00:44,82.7
1831,2019-03-23 03:00:49,99.724
1832,2019-03-23 03:00:51,96.932
1833,2019-03-23 03:00:58,87.774
1834,2019-03-23 03:01:04,86.195
1835,2019-03-23 03:01:07,97.979
1836,2019-03-23 03:01:25,101.057
1837,2019-03-23 03:01:36,88.486
1838,2019-03-23 03:01:37,97.839
1839,2019-03-23 03:01:49,98.094
1840,2019-03-23 03:01:50,96.493
1841,2019-03-23 03:02:03,85.507
1842,2019-03-23 03:02:05,81.736
1843,2019-03-23 03:02:06,83.112
1844,2019-03-23 03:02:06,97.556
1845,2019-03-23 03:02:11,100.408
1846,2019-03-23 03:02:13,95.898
1847,2019-03-23 03:02:22,94.295
1848,2019-03-23 03:02:25,101.677
1849,2019-03-23 03:02:25,100.273
1850,2019-03-23 03:02:33,94.335
1851,2019-03-23 03:02:36,83.644
1852,2019-03-23 03:02:37,85.505
1853,2019-03-23 03:02:41,88.515
1854,2019-03-23 03:02:46,100.411
1855,2019-03-23 03:02:52,101.017
1856,2019-03-23 03:02:53,96.168
1857,2019-03-23 03:03:07,95.033
1858,2019-03-23 03:03:10,88.31
1859,2019-03-23 03:03:11,82.939
1860,2019-03-23 03:03:12,94.193
1861,2019-03-23 03:03:39,81.886
1862,2019-03-23 03:03:47,82.266
1863,2019-03-23 03:03:48,85.57
1864,2019-03-23 03:03:50,101.002
1865,2019-03-23 03:03:55,85.034
1866,2019-03-23 03:03:56,99.051
1867,2019-03-23 03:06:40,88.613
1868,2019-03-23 03:06:40,86.343
1869,2019-03-23 03:06:42,98.462
1870,2019-03-23 03:06:49,82.952
1871,2019-03-23 03:06:49,83.435
1872,2019-03-23 03:06:49,82.878
1873,2019-03-23 03:06:50,98.762
1874,2019-03-23 03:06:52,98.346
1875,2019-03-23 03:06:52,82.307
1876,2019-03-23 03:06:53,98.631
1877,2019-03-23 03:06:57,85.25
1878,2019-03-23 03:07:02,84.55
1879,2019-03-23 03:07:04,85.799
1880,2019-03-23 03:07:07,85.655
1881,2019-03-23 03:07:09,81.586
1882,2019-03-23 03:07:10,97.044
1883,2019-03-23 03:07:10,99.166
1884,2019-03-23 03:07:11,100.868
1885,2019-03-23 03:07:12,98.374
1886,2019-03-23 03:07:30,101.898
1887,2019-03-23 03:07:30,87.919
1888,2019-03-23 03:07:41,81.797
1889,2019-03-23 03:07:45,88.992
1890,2019-03-23 03:07:51,85.776
1891,2019-03-23 03:08:00,96.315
1892,2019-03-23 03:08:03,81.984
1893,2019-03-23 03:08:08,96.376
1894,2019-03-23 03:08:09,98.523
1895,2019-03-23 03:08:09,87.136
1896,2019-03-23 03:08:11,101.958
1897,2019-03-23 03:08:12,96.643
1898,2019-03-23 03:08:13,84.084
1899,2019-03-23 03:08:14,85.688
1900,2019-03-23 03:08:15,83.587
1901,2019-03-23 03:08:18,87.586
1902,2019-03-23 03:08:19,84.319
1903,2019-03-23 03:08:21,100.979
1904,2019-03-23 03:08:31,83.133
1905,2019-03-23 03:08:33,95.744
1906,2019-03-23 03:08:34,100.544
1907,2019-03-23 03:08:43,84.822
1908,2019-03-23 03:08:45,98.084
1909,2019-03-23 03:09:02,82.727
1910,2019-03-23 03:09:18,96.121
1911,2019-03-23 03:09:23,85.462
1912,2019-03-23 03:09:24,82.896
1913,2019-03-23 03:09:26,94.281
1914,2019-03-23 03:09:30,100.116
1915,2019-03-23 03:09:32,95.751
1916,2019-03-23 03:09:34,82.11
1917,2019-03-23 03:09:35,98.932
1918,2019-03-23 03:09:43,84.111
1919,2019-03-23 03:09:51,87.864
1920,2019-03-23 03:09:55,99.637
1921,2019-03-23 03:09:56,81.473
1922,2019-03-23 03:09:57,99.048
1923,2019-03-23 03:09:57,83.074
1924,2019-03-23 03:10:01,94.352
1925,2019-03-23 03:10:15,96.183
1926,2019-03-23 03:10:16,88.006
1927,2019-03-23 03:10:18,87.924
1928,2019-03-23 03:10:19,82.929
1929,2019-03-23 03:10:22,94.907
1930,2019-03-23 03:10:29,96.151
1931,2019-03-23 03:10:40,99.84
1932,2019-03-23 03:10:40,85.197
1933,2019-03-23 03:10:53,87.084
1934,2019-03-23 03:10:56,86.221
1935,2019-03-23 03:10:56,82.316
1936,2019-03-23 03:10:59,88.021
1937,2019-03-23 03:11:08,88.893
1938,2019-03-23 03:11:09,102.115
1939,2019-03-23 03:11:09,87.695
1940,2019-03-23 03:11:11,97.416
1941,2019-03-23 03:11:14,87.167
1942,2019-03-23 03:11:17,96.822
1943,2019-03-23 03:11:23,101.608
1944,2019-03-23 03:11:27,87.218
1945,2019-03-23 03:11:29,98.978
1946,2019-03-23 03:11:30,94.524
1947,2019-03-23 03:11:32,83.05
1948,2019-03-23 03:11:38,95.263
1949,2019-03-23 03:11:44,86.255
1950,2019-03-23 03:11:45,95.115
1951,2019-03-23 03:11:49,83.327
1952,2019-03-23 03:11:59,83.919
1953,2019-03-23 03:12:02,86.961
1954,2019-03-23 03:12:04,97.963
1955,2019-03-23 03:12:05,99.645
1956,2019-03-23 03:14:07,83.697
1957,2019-03-23 03:14:09,94.315
1958,2019-03-23 03:14:13,82.188
1959,2019-03-23 03:14:13,85.604
1960,2019-03-23 03:14:14,97.3
1961,2019-03-23 03:14:16,99.377
1962,2019-03-23 03:14:16,85.859
1963,2019-03-23 03:14:19,89.038
1964,2019-03-23 03:14:21,94.645
1965,2019-03-23 03:14:21,84.862
1966,2019-03-23 03:14:33,95.933
1967,2019-03-23 03:14:39,99.288
1968,2019-03-23 03:14:40,85.012
1969,2019-03-23 03:14:41,98.718
1970,2019-03-23 03:14:41,94.87
1971,2019-03-23 03:14:50,83.404
1972,2019-03-23 03:14:56,96.57
1973,2019-03-23 03:15:03,101.291
1974,2019-03-23 03:15:11,84.969
1975,2019-03-23 03:15:15,88.54
1976,2019-03-23 03:15:16,96.485
1977,2019-03-23 03:15:18,100.678
1978,2019-03-23 03:15:23,87.237
1979,2019-03-23 03:15:25,98.499
1980,2019-03-23 03:15:37,96.431
1981,2019-03-23 03:15:46,100.855
1982,2019-03-23 03:15:53,98.356
1983,2019-03-23 03:15:55,95.131
1984,2019-03-23 03:15:58,88.606
1985,2019-03-23 03:16:01,86.247
1986,2019-03-23 03:16:04,99.484
1987,2019-03-23 03:16:09,81.618
1988,2019-03-23 03:16:26,87.844
1989,2019-03-23 03:16:32,89.031
1990,2019-03-23 03:16:36,88.218
1991,2019-03-23 03:16:38,88.222
1992,2019-03-23 03:16:40,87.798
1993,2019-03-23 03:16:41,95.663
1994,2019-03-23 03:16:43,100.629
1995,2019-03-23 03:16:44,94.599
1996,2019-03-23 03:16:48,89.478
1997,2019-03-23 03:16:48,83.427
1998,2019-03-23 03:16:49,101.057
1999,2019-03-23 03:16:59,98.861
2000,2019-03-23 03:17:04,100.115
2001,2019-03-23 03:17:07,85.814
2002,2019-03-23 03:17:09,83.269
2003,2019-03-23 03:17:14,100.656
2004,2019-03-23 03:17:18,97.599
2005,2019-03-23 03:17:21,85.052
2006,2019-03-23 03:17:27,100.437
2007,2019-03-23 03:17:28,87.724
2008,2019-03-23 03:17:34,84.736
2009,2019-03-23 03:17:35,98.717
2010,2019-03-23 03:17:42,89.151
2011,2019-03-23 03:18:08,86.245
2012,2019-03-23 03:18:10,82.676
2013,2019-03-23 03:18:10,100.783
2014,2019-03-23 03:18:12,100.374
2015,2019-03-23 03:18:25,89.083
2016,2019-03-23 03:18:35,101.98
2017,2019-03-23 03:18:35,99.42
2018,2019-03-23 03:18:37,88.156
2019,2019-03-23 03:18:47,101.342
2020,2019-03-23 03:18:59,87.694
2021,2019-03-23 03:19:08,94.283
2022,2019-03-23 03:19:11,86.091
2023,2019-03-23 03:19:19,95.208
2024,2019-03-23 03:19:22,87.577
2025,2019-03-23 03:19:26,101.044
2026,2019-03-23 03:21:32,99.261
2027,2019-03-23 03:21:32,83.95
2028,2019-03-23 03:21:36,100.803
2029,2019-03-23 03:21:38,95.054
2030,2019-03-23 03:21:40,82.573
2031,2019-03-23 03:21:41,101.837
2032,2019-03-23 03:21:41,98.52
2033,2019-03-23 03:21:44,85.95
2034,2019-03-23 03:21:45,83.026
2035,2019-03-23 03:21:48,82.778
2036,2019-03-23 03:21:51,86.026
2037,2019-03-23 03:21:52,100.295
2038,2019-03-23 03:21:52,98.623
2039,2019-03-23 03:21:53,88.226
2040,2019-03-23 03:21:59,100.776
2041,2019-03-23 03:22:00,84.344
2042,2019-03-23 03:22:11,82.08
2043,2019-03-23 03:22:13,101.247
2044,2019-03-23 03:22:15,102.526
2045,2019-03-23 03:22:17,86.512
2046,2019-03-23 03:22:42,86.368
2047,2019-03-23 03:22:44,101.415
2048,2019-03-23 03:23:01,95.164
2049,2019-03-23 03:23:10,97.245
2050,2019-03-23 03:23:12,82.553
2051,2019-03-23 03:23:12,100.928
2052,2019-03-23 03:23:22,98.436
2053,2019-03-23 03:23:26,82.031
2054,2019-03-23 03:23:31,89.19
2055,2019-03-23 03:23:33,88.871
2056,2019-03-23 03:23:46,84.512
2057,2019-03-23 03:23:56,95.188
2058,2019-03-23 03:24:22,85.542
2059,2019-03-23 03:24:23,88.766
2060,2019-03-23 03:24:33,85.402
2061,2019-03-23 03:24:40,98.015
2062,2019-03-23 03:24:44,85.514
2063,2019-03-23 03:24:48,82.741
2064,2019-03-23 03:24:50,94.488
2065,2019-03-23 03:24:54,99.689
2066,2019-03-23 03:24:57,99.153
2067,2019-03-23 03:25:02,88.177
2068,2019-03-23 03:25:04,99.245
2069,2019-03-23 03:25:08,96.78
2070,2019-03-23 03:25:10,86.615
2071,2019-03-23 03:25:18,81.52
2072,2019-03-23 03:25:19,88.834
2073,2019-03-23 03:25:20,89.049
2074,2019-03-23 03:25:24,85.881
2075,2019-03-23 03:25:30,87.164
2076,2019-03-23 03:25:33,102.677
2077,2019-03-23 03:25:39,101.216
2078,2019-03-23 03:25:49,89.295
2079,2019-03-23 03:25:56,86.219
2080,2019-03-23 03:25:58,85.572
2081,2019-03-23 03:26:00,83.807
2082,2019-03-23 03:26:00,101.69
2083,2019-03-23 03:26:03,85.238
2084,2019-03-23 03:26:13,96.775
2085,2019-03-23 03:26:13,88.83
2086,2019-03-23 03:26:16,94.31
2087,2019-03-23 03:26:19,96.136
2088,2019-03-23 03:26:32,87.122
2089,2019-03-23 03:26:37,100.321
2090,2019-03-23 03:26:37,101.635
2091,2019-03-23 03:26:38,95.246
2092,2019-03-23 03:26:44,86.701
2093,2019-03-23 03:26:44,97.94
2094,2019-03-23 03:26:51,82.908
2095,2019-03-23 03:29:08,87.271
2096,2019-03-23 03:29:11,94.93
2097,2019-03-23 03:29:14,83.034
2098,2019-03-23 03:29:20,101.512
2099,2019-03-23 03:29:22,86.88
2100,2019-03-23 03:29:22,95.122
2101,2019-03-23 03:29:29,85.666
2102,2019-03-23 03:29:32,97.805
2103,2019-03-23 03:29:32,97.09
2104,2019-03-23 03:29:33,83.551
2105,2019-03-23 03:29:39,100.574
2106,2019-03-23 03:29:44,88.781
2107,2019-03-23 03:29:54,85.373
2108,2019-03-23 03:29:56,86.667
2109,2019-03-23 03:30:06,87.531
2110,2019-03-23 03:30:35,96.236
2111,2019-03-23 03:30:37,83.76
2112,2019-03-23 03:30:41,96.918
2113,2019-03-23 03:30:46,99.775
2114,2019-03-23 03:30:51,99.166
2115,2019-03-23 03:30:54,86.356
2116,2019-03-23 03:31:00,99.854
2117,2019-03-23 03:31:02,85.041
2118,2019-03-23 03:31:14,97.484
2119,2019-03-23 03:31:18,88.598
2120,2019-03-23 03:31:37,99.003
2121,2019-03-23 03:31:37,88.779
2122,2019-03-23 03:31:42,85.758
2123,2019-03-23 03:31:47,94.703
2124,2019-03-23 03:31:53,88.283
2125,2019-03-23 03:31:53,95.88
2126,2019-03-23 03:32:00,86.805
2127,2019-03-23 03:32:03,86.05
2128,2019-03-23 03:32:12,84.91
2129,2019-03-23 03:32:22,86.885
2130,2019-03-23 03:32:22,87.033
2131,2019-03-23 03:32:29,86.986
2132,2019-03-23 03:32:32,85.02
2133,2019-03-23 03:32:44,98.3
2134,2019-03-23 03:32:48,100.559
2135,2019-03-23 03:32:49,101.477
2136,2019-03-23 03:32:51,81.551
2137,2019-03-23 03:32:54,98.969
2138,2019-03-23 03:32:55,98.334
2139,2019-03-23 03:32:55,88.981
2140,2019-03-23 03:32:57,88.762
2141,2019-03-23 03:32:58,84.737
2142,2019-03-23 03:33:04,87.901
2143,2019-03-23 03:33:06,98.576
2144,2019-03-23 03:33:20,98.094
2145,2019-03-23 03:33:23,99.247
2146,2019-03-23 03:33:25,83.141
2147,2019-03-23 03:33:41,87.053
2148,2019-03-23 03:33:45,81.688
2149,2019-03-23 03:33:46,98.259
2150,2019-03-23 03:33:47,83.614
2151,2019-03-23 03:33:54,97.649
2152,2019-03-23 03:34:01,94.676
2153,2019-03-23 03:34:11,96.949
2154,2019-03-23 03:34:17,94.449
2155,2019-03-23 03:34:19,81.457
2156,2019-03-23 03:34:19,81.922
2157,2019-03-23 03:34:20,87.063
2158,2019-03-23 03:34:26,88.284
2159,2019-03-23 03:34:29,97.65
2160,2019-03-23 03:37:00,82.438
2161,2019-03-23 03:37:04,102.15
2162,2019-03-23 03:37:04,89.17
2163,2019-03-23 03:37:05,86.942
2164,2019-03-23 03:37:12,95.424
2165,2019-03-23 03:37:15,87.134
2166,2019-03-23 03:37:17,101.228
2167,2019-03-23 03:37:21,87.244
2168,2019-03-23 03:37:21,87.698
2169,2019-03-23 03:37:22,85.397
2170,2019-03-23 03:37:22,98.756
2171,2019-03-23 03:37:24,83.098
2172,2019-03-23 03:37:25,96.126
2173,2019-03-23 03:37:36,97.07
2174,2019-03-23 03:37:38,98.564
2175,2019-03-23 03:37:47,96.411
2176,2019-03-23 03:37:53,83.103
2177,2019-03-23 03:37:55,98.744
2178,2019-03-23 03:38:00,100.516
2179,2019-03-23 03:38:02,83.415
2180,2019-03-23 03:38:09,100.898
2181,2019-03-23 03:38:11,101.719
2182,2019-03-23 03:38:11,99.979
2183,2019-03-23 03:38:21,96.446
2184,2019-03-23 03:38:27,98.951
2185,2019-03-23 03:38:29,87.307
2186,2019-03-23 03:38:36,83.816
2187,2019-03-23 03:38:39,82.933
2188,2019-03-23 03:38:43,86.475
2189,2019-03-23 03:38:46,86.287
2190,2019-03-23 03:38:46,96.192
2191,2019-03-23 03:38:55,94.4
2192,2019-03-23 03:38:58,81.629
2193,2019-03-23 03:39:01,95.341
2194,2019-03-23 03:39:02,89.462
2195,2019-03-23 03:39:10,82.08
2196,2019-03-23 03:39:10,87.282
2197,2019-03-23 03:39:11,95.889
2198,2019-03-23 03:39:13,99.379
2199,2019-03-23 03:39:15,96.471
2200,2019-03-23 03:39:17,98.054
2201,2019-03-23 03:39:22,83.114
2202,2019-03-23 03:39:22,89.413
2203,2019-03-23 03:39:26,98.885
2204,2019-03-23 03:39:27,88.611
2205,2019-03-23 03:39:28,84.538
2206,2019-03-23 03:39:30,94.102
2207,2019-03-23 03:40:04,96.047
2208,2019-03-23 03:40:05,86.037
2209,2019-03-23 03:40:06,87.9
2210,2019-03-23 03:40:08,87.122
2211,2019-03-23 03:40:14,82.527
2212,2019-03-23 03:40:20,85.272
2213,2019-03-23 03:40:21,85.259
2214,2019-03-23 03:40:23,86.576
2215,2019-03-23 03:40:34,86.281
2216,2019-03-23 03:40:42,89.372
2217,2019-03-23 03:40:42,97.297
2218,2019-03-23 03:40:47,81.963
2219,2019-03-23 03:40:47,98.601
2220,2019-03-23 03:40:49,82.121
2221,2019-03-23 03:40:52,97.727
2222,2019-03-23 03:41:06,82.721
2223,2019-03-23 03:41:19,86.908
2224,2019-03-23 03:41:21,84.257
2225,2019-03-23 03:41:29,86.517
2226,2019-03-23 03:41:34,87.458
2227,2019-03-23 03:41:49,88.871
2228,2019-03-23 03:41:51,94.319
2229,2019-03-23 03:41:59,99.307
2230,2019-03-23 03:42:01,89.216
2231,2019-03-23 03:42:02,82.605
2232,2019-03-23 03:42:02,85.129
2233,2019-03-23 03:42:04,100.725
2234,2019-03-23 03:42:09,83.312
2235,2019-03-23 03:42:12,83.062
2236,2019-03-23 03:42:13,101.356
2237,2019-03-23 03:44:52,96.33
2238,2019-03-23 03:44:53,82.846
2239,2019-03-23 03:44:54,88.407
2240,2019-03-23 03:44:55,97.932
2241,2019-03-23 03:44:58,95.328
2242,2019-03-23 03:44:58,95.536
2243,2019-03-23 03:44:59,99.227
2244,2019-03-23 03:45:00,100.995
2245,2019-03-23 03:45:03,100.601
2246,2019-03-23 03:45:04,84.485
2247,2019-03-23 03:45:06,83.817
2248,2019-03-23 03:45:09,83.172
2249,2019-03-23 03:45:14,100.967
2250,2019-03-23 03:45:14,82.519
2251,2019-03-23 03:45:17,96.674
2252,2019-03-23 03:45:18,84.747
2253,2019-03-23 03:45:18,83.164
2254,2019-03-23 03:45:20,84.141
2255,2019-03-23 03:45:25,97.784
2256,2019-03-23 03:45:28,86.7
2257,2019-03-23 03:45:29,98.689
2258,2019-03-23 03:45:30,98.404
2259,2019-03-23 03:45:38,83.603
2260,2019-03-23 03:45:39,88.899
2261,2019-03-23 03:45:48,81.437
2262,2019-03-23 03:45:54,82.757
2263,2019-03-23 03:46:03,100.651
2264,2019-03-23 03:46:05,86.824
2265,2019-03-23 03:46:13,97.222
2266,2019-03-23 03:46:21,99.83
2267,2019-03-23 03:46:26,86.788
2268,2019-03-23 03:46:35,94.564
2269,2019-03-23 03:46:37,96.173
2270,2019-03-23 03:46:37,84.261
2271,2019-03-23 03:46:42,87.982
2272,2019-03-23 03:46:47,88.538
2273,2019-03-23 03:46:52,86.102
2274,2019-03-23 03:46:54,97.832
2275,2019-03-23 03:46:59,88.237
2276,2019-03-23 03:47:07,85.097
2277,2019-03-23 03:47:11,98.475
2278,2019-03-23 03:47:18,84.969
2279,2019-03-23 03:47:23,84.045
2280,2019-03-23 03:47:27,83.618
2281,2019-03-23 03:47:31,98.883
2282,2019-03-23 03:47:36,96.209
2283,2019-03-23 03:47:39,96.891
2284,2019-03-23 03:47:40,89.405
2285,2019-03-23 03:47:47,96.403
2286,2019-03-23 03:47:51,97.69
2287,2019-03-23 03:48:00,99.084
2288,2019-03-23 03:48:02,83.32
2289,2019-03-23 03:48:05,100.861
2290,2019-03-23 03:48:07,83.856
2291,2019-03-23 03:48:12,101.139
2292,2019-03-23 03:48:13,95.69
2293,2019-03-23 03:48:13,97.675
2294,2019-03-23 03:48:15,88.992
2295,2019-03-23 03:48:19,87.89
2296,2019-03-23 03:48:25,86.683
2297,2019-03-23 03:48:26,94.702
2298,2019-03-23 03:48:29,84.424
2299,2019-03-23 03:48:34,81.989
2300,2019-03-23 03:48:40,88.17
2301,2019-03-23 03:48:48,95.08
2302,2019-03-23 03:48:50,97.166
2303,2019-03-23 03:48:54,97.541
2304,2019-03-23 03:49:13,96.921
2305,2019-03-23 03:49:16,86.05
2306,2019-03-23 03:49:21,84.652
2307,2019-03-23 03:49:21,95.29
2308,2019-03-23 03:49:26,98.192
2309,2019-03-23 03:49:29,87.862
2310,2019-03-23 03:49:30,101.408
2311,2019-03-23 03:49:30,99.958
2312,2019-03-23 03:49:36,96.612
2313,2019-03-23 03:49:39,98.1
2314,2019-03-23 03:49:40,97.426
2315,2019-03-23 03:49:44,96.807
2316,2019-03-23 03:49:48,99.862
2317,2019-03-23 03:49:51,82.363
2318,2019-03-23 03:49:57,98.104
2319,2019-03-23 03:50:04,100.97
2320,2019-03-23 03:50:06,105.877
2321,2019-03-23 03:50:11,97.74
2322,2019-03-23 03:50:11,96.115
2323,2019-03-23 03:50:15,84.847
2324,2019-03-23 03:50:18,87.269
2325,2019-03-23 03:50:22,98.396
2326,2019-03-23 03:50:23,87.707
2327,2019-03-23 03:50:24,88.712
2328,2019-03-23 03:52:32,95.486
2329,2019-03-23 03:52:35,82.99
2330,2019-03-23 03:52:37,88.511
2331,2019-03-23 03:52:38,94.534
2332,2019-03-23 03:52:43,99.88
2333,2019-03-23 03:52:43,100.053
2334,2019-03-23 03:52:46,101.233
2335,2019-03-23 03:52:46,96.696
2336,2019-03-23 03:52:50,99.864
2337,2019-03-23 03:52:50,85.947
2338,2019-03-23 03:52:54,101.862
2339,2019-03-23 03:52:55,83.538
2340,2019-03-23 03:52:58,99.075
2341,2019-03-23 03:53:01,100.934
2342,2019-03-23 03:53:01,96.579
2343,2019-03-23 03:53:05,101.22
2344,2019-03-23 03:53:08,81.529
2345,2019-03-23 03:53:16,87.711
2346,2019-03-23 03:53:19,85.111
2347,2019-03-23 03:53:24,83.667
2348,2019-03-23 03:53:26,88.065
2349,2019-03-23 03:53:27,99.576
2350,2019-03-23 03:53:35,94.79
2351,2019-03-23 03:53:45,95.007
2352,2019-03-23 03:53:58,87.666
2353,2019-03-23 03:53:58,83.867
2354,2019-03-23 03:54:10,95.886
2355,2019-03-23 03:54:12,100.085
2356,2019-03-23 03:54:16,83.135
2357,2019-03-23 03:54:17,86.828
2358,2019-03-23 03:54:22,97.708
2359,2019-03-23 03:54:28,84.299
2360,2019-03-23 03:54:28,97.204
2361,2019-03-23 03:54:34,83.707
2362,2019-03-23 03:54:37,96.609
2363,2019-03-23 03:54:38,85.613
2364,2019-03-23 03:54:41,86.366
2365,2019-03-23 03:54:43,99.914
2366,2019-03-23 03:54:57,95.728
2367,2019-03-23 03:55:04,96.15
2368,2019-03-23 03:55:07,81.413
2369,2019-03-23 03:55:31,85.308
2370,2019-03-23 03:55:37,94.319
2371,2019-03-23 03:55:40,85.412
2372,2019-03-23 03:55:49,100.279
2373,2019-03-23 03:55:54,95.349
2374,2019-03-23 03:56:04,83.939
2375,2019-03-23 03:56:05,96.918
2376,2019-03-23 03:56:07,96.717
2377,2019-03-23 03:56:15,98.923
2378,2019-03-23 03:56:19,84.855
2379,2019-03-23 03:56:20,96.52
2380,2019-03-23 03:56:23,81.669
2381,2019-03-23 03:56:37,84.92
2382,2019-03-23 03:56:40,84.797
2383,2019-03-23 03:56:43,95.876
2384,2019-03-23 03:56:45,101.816
2385,2019-03-23 03:56:57,83.832
2386,2019-03-23 03:56:59,87.562
2387,2019-03-23 03:57:13,98.513
2388,2019-03-23 03:57:15,86.416
2389,2019-03-23 03:57:20,83.785
2390,2019-03-23 03:57:23,97.147
2391,2019-03-23 03:57:27,86.325
2392,2019-03-23 03:57:28,99.946
2393,2019-03-23 03:57:34,82.901
2394,2019-03-23 03:57:48,84.254
2395,2019-03-23 03:57:52,100.252
2396,2019-03-23 03:57:55,101.765
2397,2019-03-23 04:00:04,85.11
2398,2019-03-23 04:00:04,99.385
2399,2019-03-23 04:00:05,83.116
2400,2019-03-23 04:00:06,89.162
2401,2019-03-23 04:00:07,95.161
2402,2019-03-23 04:00:08,101.086
2403,2019-03-23 04:00:09,96.289
2404,2019-03-23 04:00:10,86.545
2405,2019-03-23 04:00:12,98.249
2406,2019-03-23 04:00:13,85.976
2407,2019-03-23 04:00:14,98.369
2408,2019-03-23 04:00:15,87.53
2409,2019-03-23 04:00:17,95.364
2410,2019-03-23 04:00:22,101.86
2411,2019-03-23 04:00:25,99.523
2412,2019-03-23 04:00:26,97.491
2413,2019-03-23 04:00:35,98.102
2414,2019-03-23 04:00:35,96.003
2415,2019-03-23 04:00:35,84.224
2416,2019-03-23 04:00:46,102.147
2417,2019-03-23 04:00:49,89.331
2418,2019-03-23 04:00:49,97.655
2419,2019-03-23 04:00:50,84.969
2420,2019-03-23 04:00:57,97.575
2421,2019-03-23 04:01:06,89.53
2422,2019-03-23 04:01:09,81.487
2423,2019-03-23 04:01:16,98.738
2424,2019-03-23 04:01:39,96.734
2425,2019-03-23 04:01:48,99.069
2426,2019-03-23 04:01:52,100.37
2427,2019-03-23 04:01:55,85.122
2428,2019-03-23 04:02:03,83.34
2429,2019-03-23 04:02:05,99.793
2430,2019-03-23 04:02:14,84.585
2431,2019-03-23 04:02:14,96.535
2432,2019-03-23 04:02:17,97.9
2433,2019-03-23 04:02:20,95.213
2434,2019-03-23 04:02:23,82.298
2435,2019-03-23 04:02:26,97.45
2436,2019-03-23 04:02:30,97.779
2437,2019-03-23 04:02:35,81.736
2438,2019-03-23 04:02:38,85.911
2439,2019-03-23 04:02:45,87.866
2440,2019-03-23 04:02:50,81.443
2441,2019-03-23 04:02:59,85.791
2442,2019-03-23 04:03:00,102.072
2443,2019-03-23 04:03:02,85.682
2444,2019-03-23 04:03:03,94.866
2445,2019-03-23 04:03:08,85.889
2446,2019-03-23 04:03:15,83.431
2447,2019-03-23 04:03:19,82.56
2448,2019-03-23 04:03:19,95.984
2449,2019-03-23 04:03:22,83.604
2450,2019-03-23 04:03:23,87.339
2451,2019-03-23 04:03:25,85.646
2452,2019-03-23 04:03:26,100.543
2453,2019-03-23 04:03:28,84.746
2454,2019-03-23 04:03:37,100.77
2455,2019-03-23 04:03:42,82.482
2456,2019-03-23 04:03:45,101.397
2457,2019-03-23 04:04:03,100.301
2458,2019-03-23 04:04:04,94.615
2459,2019-03-23 04:04:07,85.76
2460,2019-03-23 04:04:09,89.395
2461,2019-03-23 04:04:09,83.742
2462,2019-03-23 04:04:12,89.049
2463,2019-03-23 04:04:17,101.885
2464,2019-03-23 04:04:18,82.089
2465,2019-03-23 04:04:18,83.616
2466,2019-03-23 04:04:26,84.254
2467,2019-03-23 04:04:30,85.222
2468,2019-03-23 04:04:35,100.835
2469,2019-03-23 04:04:40,101.778
2470,2019-03-23 04:04:47,88.633
2471,2019-03-23 04:04:50,102.002
2472,2019-03-23 04:04:59,96.557
2473,2019-03-23 04:05:07,88.15
2474,2019-03-23 04:05:11,86.303
2475,2019-03-23 04:05:14,101.775
2476,2019-03-23 04:05:18,98.979
2477,2019-03-23 04:05:24,97.357
2478,2019-03-23 04:05:26,83.355
2479,2019-03-23 04:05:30,84.97
2480,2019-03-23 04:05:32,81.787
2481,2019-03-23 04:05:33,102.077
2482,2019-03-23 04:07:36,82.591
2483,2019-03-23 04:07:37,100.586
2484,2019-03-23 04:07:39,82.456
2485,2019-03-23 04:07:40,86.625
2486,2019-03-23 04:07:40,84.105
2487,2019-03-23 04:07:46,100.732
2488,2019-03-23 04:07:46,85.15
2489,2019-03-23 04:07:49,84.812
2490,2019-03-23 04:07:50,96.796
2491,2019-03-23 04:07:50,96.824
2492,2019-03-23 04:07:51,87.927
2493,2019-03-23 04:07:53,83.618
2494,2019-03-23 04:07:55,101.263
2495,2019-03-23 04:07:55,89.438
2496,2019-03-23 04:08:05,87.687
2497,2019-03-23 04:08:10,85.286
2498,2019-03-23 04:08:11,85.156
2499,2019-03-23 04:08:14,86.66
2500,2019-03-23 04:08:15,88.018
2501,2019-03-23 04:08:19,84.825
2502,2019-03-23 04:08:26,94.515
2503,2019-03-23 04:08:27,100.332
2504,2019-03-23 04:08:29,97.635
2505,2019-03-23 04:08:30,95.452
2506,2019-03-23 04:08:54,89.042
2507,2019-03-23 04:08:56,98.713
2508,2019-03-23 04:09:04,89.253
2509,2019-03-23 04:09:10,87.656
2510,2019-03-23 04:09:14,95.939
2511,2019-03-23 04:09:19,84.751
2512,2019-03-23 04:09:20,96.655
2513,2019-03-23 04:09:23,85.944
2514,2019-03-23 04:09:25,95.427
2515,2019-03-23 04:09:27,89.295
2516,2019-03-23 04:09:29,98.931
2517,2019-03-23 04:09:30,100.262
2518,2019-03-23 04:09:36,95.486
2519,2019-03-23 04:09:41,96.834
2520,2019-03-23 04:09:45,97.88
2521,2019-03-23 04:09:50,97.096
2522,2019-03-23 04:09:52,96.217
2523,2019-03-23 04:09:52,100.079
2524,2019-03-23 04:09:53,82.267
2525,2019-03-23 04:09:53,100.773
2526,2019-03-23 04:09:56,95.811
2527,2019-03-23 04:09:59,85.026
2528,2019-03-23 04:10:09,95.511
2529,2019-03-23 04:10:11,95.37
2530,2019-03-23 04:10:15,96.243
2531,2019-03-23 04:10:15,94.454
2532,2019-03-23 04:10:17,84.52
2533,2019-03-23 04:10:19,100.135
2534,2019-03-23 04:10:24,83.952
2535,2019-03-23 04:10:27,94.944
2536,2019-03-23 04:10:29,98.815
2537,2019-03-23 04:10:47,97.497
2538,2019-03-23 04:11:05,88.181
2539,2019-03-23 04:11:09,85.821
2540,2019-03-23 04:11:10,99.966
2541,2019-03-23 04:11:10,86.982
2542,2019-03-23 04:11:15,96.245
2543,2019-03-23 04:11:24,100.951
2544,2019-03-23 04:11:30,95.49
2545,2019-03-23 04:11:34,86.853
2546,2019-03-23 04:11:34,95.382
2547,2019-03-23 04:11:37,88.193
2548,2019-03-23 04:11:41,85.547
2549,2019-03-23 04:11:45,94.971
2550,2019-03-23 04:11:47,100.421
2551,2019-03-23 04:11:55,85.734
2552,2019-03-23 04:12:02,82.553
2553,2019-03-23 04:12:12,101.93
2554,2019-03-23 04:12:18,99.349
2555,2019-03-23 04:12:21,86.538
2556,2019-03-23 04:12:22,86.855
2557,2019-03-23 04:12:23,96.291
2558,2019-03-23 04:12:32,83.187
2559,2019-03-23 04:12:32,96.951
2560,2019-03-23 04:12:37,96.39
2561,2019-03-23 04:12:50,81.685
2562,2019-03-23 04:12:51,99.731
2563,2019-03-23 04:12:55,98.509
2564,2019-03-23 04:12:56,98.028
2565,2019-03-23 04:15:02,94.866
2566,2019-03-23 04:15:02,95.117
2567,2019-03-23 04:15:04,86.378
2568,2019-03-23 04:15:06,81.695
2569,2019-03-23 04:15:07,88.191
2570,2019-03-23 04:15:14,94.253
2571,2019-03-23 04:15:17,86.451
2572,2019-03-23 04:15:20,87.192
2573,2019-03-23 04:15:24,97.119
2574,2019-03-23 04:15:25,95.107
2575,2019-03-23 04:15:26,96.07
2576,2019-03-23 04:15:32,95.527
2577,2019-03-23 04:15:46,96.75
2578,2019-03-23 04:15:49,88.192
2579,2019-03-23 04:16:06,87.559
2580,2019-03-23 04:16:07,87.525
2581,2019-03-23 04:16:08,83.124
2582,2019-03-23 04:16:15,89.197
2583,2019-03-23 04:16:31,96.831
2584,2019-03-23 04:16:40,89.196
2585,2019-03-23 04:16:44,82.136
2586,2019-03-23 04:16:45,96.622
2587,2019-03-23 04:16:51,83.572
2588,2019-03-23 04:16:53,100.813
2589,2019-03-23 04:16:54,98.08
2590,2019-03-23 04:16:56,98.311
2591,2019-03-23 04:16:57,95.611
2592,2019-03-23 04:17:12,95.144
2593,2019-03-23 04:17:22,101.251
2594,2019-03-23 04:17:24,87.483
2595,2019-03-23 04:17:29,95.815
2596,2019-03-23 04:17:32,101.557
2597,2019-03-23 04:17:33,85.218
2598,2019-03-23 04:17:37,82.975
2599,2019-03-23 04:17:42,87.406
2600,2019-03-23 04:17:44,89.496
2601,2019-03-23 04:17:48,99.291
2602,2019-03-23 04:17:53,82.034
2603,2019-03-23 04:17:55,101.788
2604,2019-03-23 04:18:01,96.551
2605,2019-03-23 04:18:04,82.062
2606,2019-03-23 04:18:08,100.815
2607,2019-03-23 04:18:10,94.462
2608,2019-03-23 04:18:28,95.652
2609,2019-03-23 04:18:31,83.225
2610,2019-03-23 04:18:33,86.208
2611,2019-03-23 04:18:38,99.478
2612,2019-03-23 04:18:46,82.947
2613,2019-03-23 04:18:50,97.451
2614,2019-03-23 04:18:56,94.798
2615,2019-03-23 04:18:58,87.883
2616,2019-03-23 04:18:59,83.921
2617,2019-03-23 04:19:01,101.292
2618,2019-03-23 04:19:04,83.556
2619,2019-03-23 04:19:15,87.67
2620,2019-03-23 04:19:18,100.595
2621,2019-03-23 04:19:21,88.37
2622,2019-03-23 04:19:27,83.484
2623,2019-03-23 04:19:29,82.413
2624,2019-03-23 04:19:32,102.063
2625,2019-03-23 04:19:44,85.424
2626,2019-03-23 04:20:00,97.065
2627,2019-03-23 04:20:06,82.23
2628,2019-03-23 04:20:10,83.175
2629,2019-03-23 04:20:12,94.976
2630,2019-03-23 04:20:13,98.6
2631,2019-03-23 04:20:14,94.935
2632,2019-03-23 04:20:15,97.949
2633,2019-03-23 04:20:19,89.417
2634,2019-03-23 04:20:22,84.887
2635,2019-03-23 04:22:32,95.913
2636,2019-03-23 04:22:33,85.291
2637,2019-03-23 04:22:36,101.521
2638,2019-03-23 04:22:37,98.954
2639,2019-03-23 04:22:39,96.625
2640,2019-03-23 04:22:39,101.58
2641,2019-03-23 04:22:40,82.319
2642,2019-03-23 04:22:41,88.564
2643,2019-03-23 04:22:43,85.855
2644,2019-03-23 04:22:47,84.958
2645,2019-03-23 04:22:48,89.345
2646,2019-03-23 04:22:52,98.695
2647,2019-03-23 04:22:53,94.796
2648,2019-03-23 04:22:53,84.239
2649,2019-03-23 04:22:54,98.169
2650,2019-03-23 04:22:58,82.985
2651,2019-03-23 04:23:01,99.321
2652,2019-03-23 04:23:01,95.202
2653,2019-03-23 04:23:05,102.028
2654,2019-03-23 04:23:15,94.926
2655,2019-03-23 04:23:17,87.991
2656,2019-03-23 04:23:25,94.919
2657,2019-03-23 04:23:26,82.408
2658,2019-03-23 04:23:27,99.878
2659,2019-03-23 04:23:30,87.022
2660,2019-03-23 04:23:35,83.074
2661,2019-03-23 04:23:40,89.301
2662,2019-03-23 04:23:45,88.858
2663,2019-03-23 04:23:45,84.889
2664,2019-03-23 04:23:58,100.024
2665,2019-03-23 04:23:59,96.673
2666,2019-03-23 04:24:01,88.147
2667,2019-03-23 04:24:06,89.319
2668,2019-03-23 04:24:08,98.353
2669,2019-03-23 04:24:13,87.625
2670,2019-03-23 04:24:19,96.354
2671,2019-03-23 04:24:25,97.499
2672,2019-03-23 04:24:29,101.111
2673,2019-03-23 04:24:35,98.348
2674,2019-03-23 04:24:36,98.091
2675,2019-03-23 04:24:41,84.93
2676,2019-03-23 04:24:41,86.638
2677,2019-03-23 04:24:43,101.951
2678,2019-03-23 04:24:49,89.34
2679,2019-03-23 04:24:51,101.107
2680,2019-03-23 04:24:54,100.179
2681,2019-03-23 04:24:55,98.169
2682,2019-03-23 04:25:04,88.123
2683,2019-03-23 04:25:06,81.937
2684,2019-03-23 04:25:08,83.962
2685,2019-03-23 04:25:23,86.877
2686,2019-03-23 04:25:28,84.717
2687,2019-03-23 04:25:37,99.063
2688,2019-03-23 04:25:40,82.645
2689,2019-03-23 04:25:43,85.567
2690,2019-03-23 04:25:49,98.36
2691,2019-03-23 04:26:01,94.433
2692,2019-03-23 04:26:01,98.913
2693,2019-03-23 04:26:04,86.389
2694,2019-03-23 04:26:08,84.825
2695,2019-03-23 04:26:12,86.115
2696,2019-03-23 04:26:23,100.207
2697,2019-03-23 04:26:27,100.017
2698,2019-03-23 04:26:46,84.6
2699,2019-03-23 04:26:46,94.025
2700,2019-03-23 04:26:50,97.246
2701,2019-03-23 04:27:00,101.287
2702,2019-03-23 04:27:00,83.376
2703,2019-03-23 04:27:04,87.16
2704,2019-03-23 04:27:06,96.07
2705,2019-03-23 04:27:13,85.592
2706,2019-03-23 04:27:27,96.883
2707,2019-03-23 04:27:29,82.613
2708,2019-03-23 04:27:32,96.532
2709,2019-03-23 04:27:35,94.841
2710,2019-03-23 04:27:42,83.029
2711,2019-03-23 04:27:52,97.21
2712,2019-03-23 04:27:52,83.715
2713,2019-03-23 04:27:57,94.731
2714,2019-03-23 04:28:03,87.372
2715,2019-03-23 04:30:11,96.175
2716,2019-03-23 04:30:12,85.895
2717,2019-03-23 04:30:17,83.54
2718,2019-03-23 04:30:21,100.827
2719,2019-03-23 04:30:29,98.388
2720,2019-03-23 04:30:34,85.798
2721,2019-03-23 04:30:38,83.569
2722,2019-03-23 04:30:39,99.321
2723,2019-03-23 04:30:48,97.664
2724,2019-03-23 04:30:55,84.493
2725,2019-03-23 04:30:58,99.563
2726,2019-03-23 04:31:02,94.682
2727,2019-03-23 04:31:11,100.917
2728,2019-03-23 04:31:14,95.255
2729,2019-03-23 04:31:22,83.707
2730,2019-03-23 04:31:33,85.453
2731,2019-03-23 04:31:40,96.346
2732,2019-03-23 04:31:43,88.048
2733,2019-03-23 04:31:44,101.497
2734,2019-03-23 04:31:46,100.889
2735,2019-03-23 04:31:47,100.898
2736,2019-03-23 04:31:50,86.757
2737,2019-03-23 04:31:51,100.106
2738,2019-03-23 04:31:55,85.708
2739,2019-03-23 04:31:55,101.674
2740,2019-03-23 04:31:57,87.422
2741,2019-03-23 04:32:08,84.939
2742,2019-03-23 04:32:12,100.775
2743,2019-03-23 04:32:12,85.878
2744,2019-03-23 04:32:14,84.038
2745,2019-03-23 04:32:23,98.659
2746,2019-03-23 04:32:29,95.52
2747,2019-03-23 04:32:31,99.296
2748,2019-03-23 04:32:36,98.267
2749,2019-03-23 04:32:39,101.051
2750,2019-03-23 04:32:54,86.385
2751,2019-03-23 04:33:00,89.258
2752,2019-03-23 04:33:15,86.391
2753,2019-03-23 04:33:18,98.844
2754,2019-03-23 04:33:23,97.903
2755,2019-03-23 04:33:45,101.038
2756,2019-03-23 04:33:50,87.04
2757,2019-03-23 04:33:50,84.318
2758,2019-03-23 04:33:53,84.557
2759,2019-03-23 04:33:54,83.726
2760,2019-03-23 04:33:58,89.197
2761,2019-03-23 04:33:59,87.369
2762,2019-03-23 04:34:02,97.955
2763,2019-03-23 04:34:03,102.289
2764,2019-03-23 04:34:04,85.906
2765,2019-03-23 04:34:04,86.33
2766,2019-03-23 04:34:11,85.122
2767,2019-03-23 04:34:15,88.555
2768,2019-03-23 04:34:16,87.896
2769,2019-03-23 04:34:28,96.717
2770,2019-03-23 04:34:42,82.08
2771,2019-03-23 04:34:46,101.159
2772,2019-03-23 04:34:49,85.352
2773,2019-03-23 04:34:55,94.547
2774,2019-03-23 04:34:56,95.704
2775,2019-03-23 04:34:59,86.83
2776,2019-03-23 04:35:00,88.848
2777,2019-03-23 04:35:25,98.259
2778,2019-03-23 04:35:27,96.029
2779,2019-03-23 04:35:33,100.751
2780,2019-03-23 04:35:35,83.196
2781,2019-03-23 04:35:36,86.332
2782,2019-03-23 04:37:41,87.878
2783,2019-03-23 04:37:42,101.406
2784,2019-03-23 04:37:42,85.024
2785,2019-03-23 04:37:42,95.771
2786,2019-03-23 04:37:45,82.344
2787,2019-03-23 04:37:45,101.323
2788,2019-03-23 04:37:51,100.202
2789,2019-03-23 04:37:52,97.523
2790,2019-03-23 04:38:00,94.572
2791,2019-03-23 04:38:03,85.138
2792,2019-03-23 04:38:03,95.71
2793,2019-03-23 04:38:05,89.168
2794,2019-03-23 04:38:07,100.939
2795,2019-03-23 04:38:18,101.21
2796,2019-03-23 04:38:18,96.824
2797,2019-03-23 04:38:19,97.005
2798,2019-03-23 04:38:26,89.309
2799,2019-03-23 04:38:31,96.13
2800,2019-03-23 04:38:31,100.29
2801,2019-03-23 04:38:35,99.863
2802,2019-03-23 04:38:47,83.911
2803,2019-03-23 04:39:25,98.4
2804,2019-03-23 04:39:28,102.185
2805,2019-03-23 04:39:35,84.415
2806,2019-03-23 04:39:37,89.119
2807,2019-03-23 04:39:41,87.959
2808,2019-03-23 04:39:46,98.933
2809,2019-03-23 04:39:47,97.2
2810,2019-03-23 04:39:50,82.356
2811,2019-03-23 04:39:54,85.586
2812,2019-03-23 04:40:00,88.894
2813,2019-03-23 04:40:01,96.781
2814,2019-03-23 04:40:14,87.737
2815,2019-03-23 04:40:15,87.737
2816,2019-03-23 04:40:16,85.661
2817,2019-03-23 04:40:40,87.496
2818,2019-03-23 04:40:43,95.161
2819,2019-03-23 04:40:45,95.955
2820,2019-03-23 04:40:46,82.113
2821,2019-03-23 04:40:49,86.188
2822,2019-03-23 04:40:51,95.054
2823,2019-03-23 04:40:55,98.832
2824,2019-03-23 04:41:00,96.138
2825,2019-03-23 04:41:09,87.937
2826,2019-03-23 04:41:16,82.549
2827,2019-03-23 04:41:28,87.007
2828,2019-03-23 04:41:36,95.167
2829,2019-03-23 04:41:36,99.161
2830,2019-03-23 04:41:38,82.848
2831,2019-03-23 04:41:46,81.949
2832,2019-03-23 04:41:51,98.003
2833,2019-03-23 04:41:54,100.081
2834,2019-03-23 04:41:56,83.612
2835,2019-03-23 04:42:05,99.874
2836,2019-03-23 04:42:10,95.102
2837,2019-03-23 04:42:12,83.224
2838,2019-03-23 04:42:13,84.247
2839,2019-03-23 04:42:15,84.125
2840,2019-03-23 04:42:17,83.988
2841,2019-03-23 04:42:18,95.972
2842,2019-03-23 04:42:30,89.136
2843,2019-03-23 04:42:38,83.623
2844,2019-03-23 04:42:50,96.047
2845,2019-03-23 04:42:52,83.527
2846,2019-03-23 04:42:56,86.76
2847,2019-03-23 04:42:58,88.124
2848,2019-03-23 04:43:00,86.283
2849,2019-03-23 04:43:04,88.893
2850,2019-03-23 04:43:05,87.921
2851,2019-03-23 04:43:07,94.88
2852,2019-03-23 04:43:11,94.482
